{"type": "FeatureCollection", "features": [{"type": "Feature", "properties": {"trail_name": "Unnamed Official Trail", "park_id": "X092", "park_name": "Van Cortlandt Park", "surface": "Dirt", "class": "Class IV : Highly Developed", "difficulty": "2: flat terrain, uneven treadway, slight elevation change", "width_ft": "Over 8 feet", "source": "NYC Open Data \u2014 Parks Trails (vjbm-hsyr)", "segment_count": 353}, "geometry": {"type": "MultiLineString", "coordinates": [[[-73.880242, 40.90159], [-73.880222, 40.901772], [-73.880093, 40.901914], [-73.879983, 40.901952], [-73.879911, 40.902057], [-73.879781, 40.902244], [-73.879747, 40.90235]], [[-73.878274, 40.899551], [-73.878119, 40.899526], [-73.877813, 40.899406], [-73.877594, 40.899314], [-73.877341, 40.899174], [-73.877168, 40.899088]], [[-73.879186, 40.901845], [-73.879156, 40.901826], [-73.879119, 40.901842], [-73.878959, 40.902789], [-73.878955, 40.902814]], [[-73.894325, 40.908375], [-73.894348, 40.908542], [-73.894336, 40.908663], [-73.894325, 40.908767], [-73.894328, 40.90881], [-73.894332, 40.908867], [-73.894327, 40.908914], [-73.894317, 40.908989], [-73.894307, 40.909062], [-73.894295, 40.909136], [-73.894281, 40.909227]], [[-73.882409, 40.897404], [-73.882442, 40.897385], [-73.882507, 40.897396], [-73.882577, 40.897428], [-73.882592, 40.897438], [-73.882642, 40.897497], [-73.882749, 40.897547], [-73.882869, 40.897701], [-73.88312, 40.897673], [-73.883279, 40.897813], [-73.883384, 40.897812]], [[-73.873933, 40.902453], [-73.874308, 40.90271], [-73.874807, 40.902926], [-73.875032, 40.903011]], [[-73.877311, 40.904322], [-73.877314, 40.904293], [-73.877328, 40.904151], [-73.877415, 40.903953], [-73.87759, 40.903553], [-73.877719, 40.903245]], [[-73.893087, 40.910301], [-73.893096, 40.910303], [-73.893542, 40.910274], [-73.893701, 40.91037], [-73.894147, 40.910362], [-73.894414, 40.910334], [-73.894419, 40.910335]], [[-73.894207, 40.889644], [-73.894191, 40.889735], [-73.894176, 40.889835], [-73.894161, 40.889951], [-73.894151, 40.890051], [-73.894136, 40.890195], [-73.894118, 40.89035], [-73.894105, 40.890544]], [[-73.896986, 40.890494], [-73.897097, 40.890254], [-73.897172, 40.890093], [-73.897222, 40.890014], [-73.897295, 40.88995], [-73.897364, 40.889904], [-73.897478, 40.889864], [-73.89766, 40.88983], [-73.897686, 40.889829]], [[-73.891885, 40.906775], [-73.891885, 40.906776], [-73.892279, 40.90737], [-73.892306, 40.907723], [-73.892312, 40.907814], [-73.892312, 40.907816]], [[-73.881166, 40.890745], [-73.881373, 40.890605], [-73.881669, 40.890628], [-73.88179, 40.890623], [-73.88191, 40.8906], [-73.882152, 40.890453]], [[-73.877023, 40.899218], [-73.877031, 40.89928], [-73.877062, 40.899352], [-73.877014, 40.899481], [-73.87691, 40.899624], [-73.876737, 40.899812], [-73.876612, 40.899971]], [[-73.88088, 40.905478], [-73.881116, 40.905315], [-73.881168, 40.905208], [-73.881239, 40.905165], [-73.881353, 40.905051], [-73.881514, 40.90504], [-73.881707, 40.904938], [-73.881755, 40.90493], [-73.881885, 40.904955]], [[-73.896532, 40.890725], [-73.895642, 40.890475], [-73.895544, 40.890405], [-73.895538, 40.890331], [-73.895557, 40.890287], [-73.895595, 40.890254], [-73.895655, 40.89023], [-73.895733, 40.890216]], [[-73.890794, 40.900844], [-73.890794, 40.900844], [-73.890797, 40.900897], [-73.890793, 40.900916], [-73.890804, 40.901095], [-73.890809, 40.901142], [-73.890895, 40.90124], [-73.890962, 40.901311], [-73.891077, 40.901377], [-73.891201, 40.901387], [-73.891286, 40.901394], [-73.891397, 40.901402], [-73.891417, 40.901404]], [[-73.877543, 40.900831], [-73.877523, 40.900822], [-73.876712, 40.900158], [-73.876674, 40.900052], [-73.876669, 40.900039], [-73.876654, 40.9], [-73.876624, 40.89998]], [[-73.891505, 40.885172], [-73.89175, 40.885276], [-73.891986, 40.885354], [-73.892361, 40.885491], [-73.892637, 40.885601], [-73.892639, 40.885601]], [[-73.897808, 40.88699], [-73.897427, 40.886905], [-73.897143, 40.886863], [-73.896869, 40.886873], [-73.896708, 40.886911]], [[-73.890815, 40.908723], [-73.890824, 40.908731], [-73.891086, 40.90905], [-73.891136, 40.909106], [-73.891361, 40.909155], [-73.891535, 40.909185], [-73.891594, 40.909147]], [[-73.896359, 40.890751], [-73.896138, 40.89072], [-73.895897, 40.8907], [-73.895605, 40.890675], [-73.89531, 40.890649], [-73.895098, 40.890631], [-73.895001, 40.890623]], [[-73.877168, 40.899088], [-73.877139, 40.899074], [-73.877133, 40.899072], [-73.876823, 40.89894], [-73.876613, 40.898853], [-73.876329, 40.898728], [-73.876071, 40.898599]], [[-73.898779, 40.887091], [-73.898852, 40.887069], [-73.898963, 40.887021], [-73.899026, 40.886978], [-73.899095, 40.886917], [-73.899145, 40.886859], [-73.899169, 40.8868], [-73.899169, 40.886799], [-73.899147, 40.88674], [-73.899099, 40.886694], [-73.899067, 40.886689], [-73.899036, 40.886684], [-73.898934, 40.886698], [-73.898836, 40.886719], [-73.898749, 40.886756], [-73.898662, 40.886807], [-73.898603, 40.886859]], [[-73.894281, 40.909227], [-73.894232, 40.909255], [-73.894184, 40.909404], [-73.894204, 40.909539], [-73.894124, 40.909693], [-73.894017, 40.9097], [-73.893899, 40.909737], [-73.89384, 40.909769], [-73.893798, 40.909792], [-73.893736, 40.909824], [-73.893584, 40.909901], [-73.893508, 40.909953]], [[-73.891199, 40.906741], [-73.891217, 40.906664], [-73.891234, 40.906591], [-73.89132, 40.906473], [-73.89147, 40.906296], [-73.891631, 40.90615], [-73.891834, 40.906027]], [[-73.89187, 40.904285], [-73.891867, 40.904321], [-73.891852, 40.904493], [-73.891838, 40.90465], [-73.891824, 40.904804], [-73.8918, 40.904892], [-73.891759, 40.905014], [-73.891739, 40.905074], [-73.891744, 40.905119], [-73.891748, 40.905155], [-73.89175, 40.905173]], [[-73.882945, 40.906301], [-73.882817, 40.906422], [-73.882784, 40.90655], [-73.8828, 40.906736], [-73.882903, 40.90701], [-73.882941, 40.907112]], [[-73.880198, 40.905887], [-73.880025, 40.905953], [-73.879883, 40.906001], [-73.879801, 40.906015], [-73.879744, 40.906003], [-73.879627, 40.906038], [-73.879465, 40.906094], [-73.879268, 40.906138], [-73.879246, 40.906219]], [[-73.878274, 40.899551], [-73.878265, 40.89974], [-73.878293, 40.899922], [-73.878351, 40.900092], [-73.878441, 40.900354]], [[-73.889342, 40.908416], [-73.88943, 40.908587], [-73.889554, 40.908791], [-73.889648, 40.908916], [-73.889882, 40.909003], [-73.890037, 40.909], [-73.890222, 40.908917]], [[-73.875161, 40.899922], [-73.875206, 40.899943], [-73.87529, 40.900065], [-73.875423, 40.900131], [-73.875503, 40.900159], [-73.875633, 40.900203], [-73.875802, 40.900262], [-73.876086, 40.900304], [-73.876169, 40.900288], [-73.876193, 40.900283]], [[-73.89175, 40.905173], [-73.891751, 40.905175], [-73.891751, 40.905175], [-73.891759, 40.905244], [-73.891773, 40.905364], [-73.891793, 40.90553], [-73.891811, 40.90563], [-73.891835, 40.905746], [-73.891857, 40.905859], [-73.891862, 40.905948], [-73.891836, 40.906019], [-73.891834, 40.906025], [-73.891834, 40.906027]], [[-73.891218, 40.907535], [-73.891317, 40.907275], [-73.891193, 40.906978], [-73.891169, 40.906873], [-73.891199, 40.906741]], [[-73.889275, 40.884848], [-73.889092, 40.884899], [-73.888968, 40.884939], [-73.888804, 40.884996], [-73.888649, 40.88504], [-73.888466, 40.885048], [-73.888336, 40.885033], [-73.888216, 40.885021], [-73.888177, 40.885015], [-73.888177, 40.885015]], [[-73.892027, 40.889057], [-73.892113, 40.889029], [-73.892328, 40.889014], [-73.892519, 40.888997], [-73.892723, 40.888995], [-73.892907, 40.889017], [-73.892909, 40.889018]], [[-73.890613, 40.885001], [-73.890665, 40.885011], [-73.891012, 40.885077], [-73.8915, 40.88517], [-73.891505, 40.885172]], [[-73.890153, 40.906114], [-73.890151, 40.906119], [-73.889946, 40.906182], [-73.889786, 40.906291], [-73.88967, 40.906467], [-73.889595, 40.906584]], [[-73.870711, 40.90161], [-73.870625, 40.901482], [-73.870426, 40.901291], [-73.870282, 40.901153], [-73.870168, 40.901043], [-73.870162, 40.901038]], [[-73.876051, 40.898594], [-73.875739, 40.898516], [-73.87548, 40.898476], [-73.875386, 40.898453], [-73.875261, 40.898416], [-73.875253, 40.898414]], [[-73.880211, 40.905938], [-73.880231, 40.906018], [-73.880154, 40.906353], [-73.880105, 40.906569]], [[-73.890672, 40.908175], [-73.890938, 40.907819], [-73.891165, 40.907593], [-73.891214, 40.907544], [-73.891218, 40.907535]], [[-73.897958, 40.887032], [-73.897999, 40.886932], [-73.898062, 40.886805], [-73.898118, 40.886694], [-73.898169, 40.88659], [-73.898211, 40.886507], [-73.898251, 40.886428], [-73.898275, 40.886379]], [[-73.873922, 40.899984], [-73.873967, 40.899975], [-73.874143, 40.900021], [-73.874308, 40.89997], [-73.874502, 40.899962], [-73.874583, 40.899918], [-73.874651, 40.899897], [-73.874731, 40.899872], [-73.87488, 40.899804]], [[-73.870162, 40.901038], [-73.870281, 40.90097], [-73.870719, 40.900672], [-73.870663, 40.900611], [-73.870624, 40.900569]], [[-73.881525, 40.883607], [-73.881553, 40.883591], [-73.881505, 40.883513], [-73.881397, 40.883388], [-73.881395, 40.88328], [-73.881421, 40.883224], [-73.88141, 40.883151], [-73.881361, 40.883062], [-73.881302, 40.882949], [-73.881298, 40.882941]], [[-73.878535, 40.901328], [-73.878504, 40.901442], [-73.878397, 40.902076]], [[-73.893782, 40.88984], [-73.893743, 40.889886], [-73.893695, 40.889942], [-73.893655, 40.889989], [-73.893614, 40.890032], [-73.893554, 40.890077], [-73.893491, 40.890116], [-73.893413, 40.890157], [-73.893357, 40.890186], [-73.893301, 40.890213], [-73.893239, 40.890239], [-73.893162, 40.890247]], [[-73.896359, 40.890751], [-73.896309, 40.890773], [-73.896166, 40.890828], [-73.896046, 40.890899], [-73.895795, 40.891086], [-73.895727, 40.891154], [-73.895733, 40.891158]], [[-73.881933, 40.893341], [-73.881865, 40.89316], [-73.881649, 40.892749], [-73.881656, 40.892749]], [[-73.891834, 40.906027], [-73.891823, 40.906178], [-73.891802, 40.906574], [-73.891881, 40.906766], [-73.891885, 40.906775]], [[-73.897653, 40.889068], [-73.897417, 40.889102], [-73.89726, 40.889119], [-73.897012, 40.889112], [-73.89681, 40.889072], [-73.896642, 40.889021]], [[-73.875571, 40.90314], [-73.875786, 40.903179], [-73.876401, 40.903255]], [[-73.881569, 40.889656], [-73.881867, 40.889795], [-73.882086, 40.889976], [-73.882274, 40.890153], [-73.882314, 40.890192]], [[-73.889643, 40.884849], [-73.889928, 40.884887], [-73.890194, 40.884923], [-73.890451, 40.884971], [-73.890613, 40.885001]], [[-73.894101, 40.890564], [-73.894082, 40.890654], [-73.89407, 40.890766], [-73.894061, 40.890864], [-73.89406, 40.890958], [-73.894082, 40.891027], [-73.89414, 40.891124], [-73.894198, 40.891187], [-73.894267, 40.891243], [-73.894298, 40.891263]], [[-73.891961, 40.909906], [-73.891969, 40.909592], [-73.892039, 40.909491], [-73.892019, 40.909242], [-73.891996, 40.909176]], [[-73.895098, 40.889862], [-73.895097, 40.889863], [-73.895071, 40.889854], [-73.895034, 40.889841], [-73.894915, 40.889817], [-73.894799, 40.889806], [-73.894602, 40.889785], [-73.894522, 40.889771], [-73.894436, 40.889748], [-73.894367, 40.889711], [-73.894319, 40.889692], [-73.894262, 40.889669], [-73.894207, 40.889644]], [[-73.895001, 40.890623], [-73.894918, 40.890616], [-73.894605, 40.890589], [-73.894381, 40.89057], [-73.894101, 40.890564]], [[-73.897686, 40.889829], [-73.897665, 40.889874], [-73.897566, 40.890174], [-73.897438, 40.890431], [-73.897333, 40.890525]], [[-73.894083, 40.907762], [-73.894144, 40.907779], [-73.894259, 40.908029], [-73.894325, 40.908373], [-73.894325, 40.908375]], [[-73.876835, 40.897356], [-73.876733, 40.897367], [-73.876542, 40.897431], [-73.876415, 40.89749], [-73.876304, 40.89752], [-73.876159, 40.89756], [-73.876147, 40.897557], [-73.876069, 40.897534]], [[-73.872392, 40.900355], [-73.872493, 40.900424], [-73.87253, 40.90045], [-73.872668, 40.900455], [-73.872749, 40.900439], [-73.872958, 40.900399], [-73.873135, 40.900374], [-73.873158, 40.900371]], [[-73.896103, 40.897536], [-73.896272, 40.897572], [-73.89634, 40.897605], [-73.896406, 40.897677], [-73.896448, 40.897736], [-73.896488, 40.897798], [-73.896535, 40.89787], [-73.896599, 40.897933], [-73.896678, 40.897978], [-73.89674, 40.898003], [-73.896816, 40.898024], [-73.89685, 40.898028]], [[-73.883159, 40.890718], [-73.882928, 40.891304], [-73.882919, 40.891328]], [[-73.897335, 40.886377], [-73.897332, 40.886476], [-73.897365, 40.886623], [-73.897447, 40.886766], [-73.89755, 40.886862], [-73.897689, 40.886936], [-73.897808, 40.88699]], [[-73.895296, 40.908093], [-73.895302, 40.908483], [-73.895339, 40.908567], [-73.895353, 40.908711], [-73.895355, 40.908747]], [[-73.894573, 40.907184], [-73.894509, 40.907268], [-73.894483, 40.907333], [-73.894481, 40.907414], [-73.894502, 40.907522], [-73.894108, 40.907745], [-73.894053, 40.907751]], [[-73.890216, 40.908108], [-73.890294, 40.907924], [-73.890281, 40.907801], [-73.890349, 40.907761], [-73.890413, 40.907617], [-73.890367, 40.907531], [-73.890364, 40.90753]], [[-73.882063, 40.893973], [-73.882034, 40.893781], [-73.882017, 40.893629], [-73.881933, 40.893341]], [[-73.879371, 40.902608], [-73.879376, 40.902601], [-73.879404, 40.902397], [-73.879313, 40.902178], [-73.879217, 40.901957], [-73.87919, 40.901867], [-73.879186, 40.901845]], [[-73.892639, 40.885601], [-73.892767, 40.88561], [-73.892893, 40.88557], [-73.892987, 40.885479], [-73.892946, 40.885375], [-73.892945, 40.885353], [-73.892943, 40.885332], [-73.892967, 40.885335]], [[-73.884007, 40.902311], [-73.883932, 40.902364], [-73.883928, 40.902406], [-73.883914, 40.902417], [-73.883879, 40.902492], [-73.883846, 40.902535], [-73.883838, 40.902576], [-73.883874, 40.902632], [-73.883875, 40.902677], [-73.883851, 40.902734], [-73.883857, 40.902748]], [[-73.881652, 40.892749], [-73.881873, 40.892761], [-73.882023, 40.892725], [-73.882272, 40.892538], [-73.882316, 40.892496]], [[-73.884033, 40.890632], [-73.884033, 40.890633], [-73.884193, 40.891181], [-73.884209, 40.89121]], [[-73.890245, 40.908908], [-73.890343, 40.908622], [-73.890507, 40.908371]], [[-73.882561, 40.893651], [-73.882261, 40.893516], [-73.881933, 40.893341]], [[-73.898501, 40.888098], [-73.898455, 40.888173], [-73.898422, 40.888244], [-73.898356, 40.888384], [-73.898305, 40.888491], [-73.898251, 40.888606]], [[-73.897747, 40.889184], [-73.897679, 40.889237], [-73.897569, 40.889295], [-73.897429, 40.88934], [-73.897258, 40.889354], [-73.897165, 40.889356]], [[-73.878369, 40.902246], [-73.878361, 40.902294], [-73.878289, 40.902747]], [[-73.888468, 40.889514], [-73.887894, 40.889789]], [[-73.880559, 40.890284], [-73.880897, 40.890405], [-73.881086, 40.890521], [-73.881137, 40.890545]], [[-73.884209, 40.89121], [-73.883552, 40.890923]], [[-73.890198, 40.901491], [-73.890152, 40.901282], [-73.890145, 40.901157], [-73.890147, 40.901064], [-73.890215, 40.90098], [-73.890215, 40.900951]], [[-73.880259, 40.901418], [-73.880287, 40.901138], [-73.880392, 40.900948]], [[-73.892026, 40.908823], [-73.892026, 40.908791], [-73.892054, 40.908538], [-73.892058, 40.908461], [-73.892101, 40.908313], [-73.892101, 40.908309]], [[-73.890216, 40.908108], [-73.88974, 40.908254], [-73.889498, 40.908268]], [[-73.894277, 40.908123], [-73.894349, 40.908128], [-73.894413, 40.908147], [-73.894486, 40.908216], [-73.894508, 40.908221], [-73.894515, 40.908245], [-73.89455, 40.908268], [-73.894572, 40.908283], [-73.894536, 40.908314], [-73.894572, 40.908347], [-73.894614, 40.908362], [-73.894621, 40.908404], [-73.894643, 40.908442]], [[-73.878519, 40.900775], [-73.878557, 40.901104], [-73.878535, 40.901328]], [[-73.888177, 40.885015], [-73.88803, 40.884995], [-73.887905, 40.88498], [-73.887811, 40.884962], [-73.887677, 40.884937], [-73.887601, 40.884925], [-73.887538, 40.884924], [-73.887458, 40.884935]], [[-73.893197, 40.889429], [-73.893246, 40.889458], [-73.893352, 40.889534], [-73.893435, 40.889592], [-73.893514, 40.889649], [-73.893574, 40.889692], [-73.893637, 40.889737], [-73.893695, 40.889779], [-73.893774, 40.889835], [-73.893782, 40.88984]], [[-73.877983, 40.901074], [-73.878159, 40.901154], [-73.878401, 40.901329], [-73.878535, 40.901328]], [[-73.893782, 40.88984], [-73.893782, 40.889839], [-73.893848, 40.889757], [-73.893885, 40.889707], [-73.893932, 40.889648], [-73.893995, 40.889586], [-73.894042, 40.889542], [-73.894095, 40.889484], [-73.894154, 40.889415], [-73.894218, 40.889357]], [[-73.874327, 40.90225], [-73.874486, 40.902184], [-73.874773, 40.902075], [-73.874894, 40.902031], [-73.875019, 40.901989]], [[-73.894909, 40.89094], [-73.894734, 40.890911], [-73.894624, 40.891329]], [[-73.883552, 40.890923], [-73.883818, 40.89086], [-73.88393, 40.890812], [-73.884033, 40.890632]], [[-73.884697, 40.898899], [-73.884575, 40.898753], [-73.884546, 40.898729], [-73.884579, 40.898581], [-73.884499, 40.898558], [-73.884476, 40.898369]], [[-73.884065, 40.901812], [-73.884032, 40.901892], [-73.88402, 40.901954], [-73.883996, 40.902017], [-73.883966, 40.902135], [-73.883954, 40.902162], [-73.883962, 40.902197], [-73.883999, 40.902221], [-73.884019, 40.902238], [-73.884007, 40.902311]], [[-73.883516, 40.897926], [-73.883801, 40.898078], [-73.883893, 40.898115], [-73.884061, 40.898092], [-73.88411, 40.89809]], [[-73.882534, 40.890373], [-73.88284, 40.890485], [-73.882999, 40.890589], [-73.883159, 40.890718]], [[-73.89249, 40.910059], [-73.892488, 40.910066], [-73.892727, 40.910202], [-73.892905, 40.910252], [-73.893087, 40.910301]], [[-73.89187, 40.904285], [-73.89177, 40.904307], [-73.891651, 40.904365], [-73.891309, 40.904365], [-73.891242, 40.904365]], [[-73.882919, 40.891328], [-73.882726, 40.89181], [-73.882691, 40.891886]], [[-73.894951, 40.891392], [-73.89505, 40.890963], [-73.894909, 40.89094]], [[-73.894218, 40.889357], [-73.894326, 40.888987], [-73.894407, 40.888844], [-73.894427, 40.888813]], [[-73.898022, 40.889056], [-73.897955, 40.889189], [-73.897829, 40.889424], [-73.897771, 40.889463]], [[-73.884476, 40.898369], [-73.884364, 40.898262], [-73.884377, 40.898212], [-73.884213, 40.898126], [-73.88411, 40.89809]], [[-73.892937, 40.889614], [-73.892951, 40.890093]], [[-73.878441, 40.900354], [-73.878455, 40.900394], [-73.878485, 40.900484], [-73.878518, 40.900765], [-73.878519, 40.900775]], [[-73.897975, 40.888782], [-73.897971, 40.88879], [-73.897841, 40.889045], [-73.897747, 40.889184]], [[-73.892548, 40.903403], [-73.892694, 40.903331], [-73.892846, 40.903315], [-73.892969, 40.903275], [-73.893116, 40.90329]], [[-73.890245, 40.908908], [-73.890276, 40.908897], [-73.890471, 40.908827], [-73.890815, 40.908723]], [[-73.890507, 40.908371], [-73.890643, 40.908568], [-73.890815, 40.908723]], [[-73.892909, 40.889018], [-73.892935, 40.889064], [-73.892976, 40.889134], [-73.892997, 40.889165], [-73.893066, 40.889211], [-73.893152, 40.889268], [-73.893191, 40.889422]], [[-73.893508, 40.909953], [-73.893448, 40.909994], [-73.893368, 40.910059], [-73.893279, 40.910148], [-73.893158, 40.910269], [-73.893087, 40.910301]], [[-73.895235, 40.908717], [-73.895169, 40.908677], [-73.895102, 40.90858], [-73.894903, 40.908498], [-73.894792, 40.908506]], [[-73.880362, 40.905609], [-73.88076, 40.905452], [-73.88088, 40.905478]], [[-73.892125, 40.908225], [-73.892134, 40.908205], [-73.892295, 40.907851]], [[-73.895023, 40.890394], [-73.895061, 40.890396], [-73.895093, 40.890271], [-73.895138, 40.890094], [-73.895167, 40.889988], [-73.895168, 40.889983]], [[-73.891439, 40.901366], [-73.891548, 40.901323], [-73.891762, 40.901234], [-73.891925, 40.901167], [-73.891935, 40.901163]], [[-73.881454, 40.897147], [-73.881078, 40.897138], [-73.880893, 40.897074]], [[-73.875032, 40.903011], [-73.875175, 40.903064], [-73.875305, 40.903092], [-73.875571, 40.90314]], [[-73.89249, 40.910059], [-73.892342, 40.910033], [-73.892194, 40.909982], [-73.89208, 40.909974], [-73.891961, 40.909906]], [[-73.876193, 40.900283], [-73.876342, 40.900254], [-73.876624, 40.89998]], [[-73.898674, 40.886446], [-73.898626, 40.886544], [-73.898545, 40.88671], [-73.898491, 40.886822]], [[-73.891242, 40.904365], [-73.891228, 40.904365], [-73.891061, 40.904511], [-73.89092, 40.904634], [-73.890832, 40.904712]], [[-73.898141, 40.88928], [-73.898099, 40.889237], [-73.898081, 40.889163], [-73.898021, 40.889052], [-73.897841, 40.889045]], [[-73.881899, 40.889391], [-73.881879, 40.889388], [-73.881569, 40.889656]], [[-73.891553, 40.891176], [-73.891548, 40.891181], [-73.891547, 40.891181], [-73.89143, 40.89131], [-73.891292, 40.891462]], [[-73.892909, 40.889018], [-73.893042, 40.889044], [-73.893186, 40.88906]], [[-73.896986, 40.890494], [-73.896682, 40.890725]], [[-73.898657, 40.88742], [-73.898616, 40.887501], [-73.898552, 40.887627], [-73.898512, 40.887707], [-73.898482, 40.887767]], [[-73.872416, 40.901335], [-73.872409, 40.90138], [-73.872338, 40.901461], [-73.87238, 40.901549], [-73.872371, 40.901587], [-73.872357, 40.901659]], [[-73.892609, 40.88985], [-73.892819, 40.889997], [-73.892951, 40.890093]], [[-73.890206, 40.902146], [-73.890224, 40.90212], [-73.890308, 40.902002], [-73.89037, 40.901826], [-73.890352, 40.901805]], [[-73.877342, 40.904648], [-73.877336, 40.904645], [-73.877282, 40.904624], [-73.877311, 40.904322]], [[-73.895292, 40.907768], [-73.895296, 40.908093]], [[-73.876835, 40.897356], [-73.876837, 40.89735], [-73.877219, 40.897095]], [[-73.880943, 40.897321], [-73.880845, 40.897159], [-73.880788, 40.896976]], [[-73.877765, 40.90472], [-73.877637, 40.904762], [-73.877342, 40.904648]], [[-73.890463, 40.90256], [-73.890567, 40.902747], [-73.890582, 40.902912]], [[-73.898491, 40.886822], [-73.898482, 40.88684], [-73.898428, 40.886951], [-73.898375, 40.88706], [-73.898343, 40.887144]], [[-73.873933, 40.902453], [-73.874265, 40.902275], [-73.874327, 40.90225]], [[-73.87309, 40.899994], [-73.873158, 40.900371]], [[-73.880362, 40.905609], [-73.880314, 40.90572], [-73.880195, 40.905876], [-73.880211, 40.905938]], [[-73.883159, 40.890718], [-73.88355, 40.890922], [-73.883552, 40.890923], [-73.883552, 40.890923]], [[-73.894909, 40.89094], [-73.894952, 40.890783], [-73.895001, 40.890623]], [[-73.897765, 40.889467], [-73.897765, 40.889526], [-73.89774, 40.889661], [-73.897706, 40.889784], [-73.897686, 40.889829]], [[-73.898446, 40.887019], [-73.898438, 40.887101], [-73.898502, 40.887137], [-73.898602, 40.887132], [-73.898718, 40.887109], [-73.898779, 40.887091]], [[-73.882409, 40.897404], [-73.882217, 40.897361], [-73.882138, 40.897313], [-73.882013, 40.897296], [-73.881994, 40.897293]], [[-73.894419, 40.910335], [-73.894876, 40.910412]], [[-73.890664, 40.908186], [-73.890551, 40.908128], [-73.890498, 40.908105], [-73.890458, 40.908102], [-73.89026, 40.908094], [-73.890231, 40.908103], [-73.890216, 40.908108]], [[-73.893163, 40.901513], [-73.893032, 40.901519], [-73.892886, 40.901535], [-73.892713, 40.901554], [-73.892698, 40.901558], [-73.892692, 40.90156]], [[-73.898343, 40.887144], [-73.898254, 40.887119], [-73.898077, 40.887071], [-73.897958, 40.887032]], [[-73.890215, 40.900951], [-73.890216, 40.900792], [-73.890231, 40.900661]], [[-73.899099, 40.887365], [-73.898735, 40.887284]], [[-73.881055, 40.889651], [-73.880961, 40.889614], [-73.88079, 40.889614], [-73.880753, 40.889617], [-73.88065, 40.889625]], [[-73.874076, 40.904692], [-73.874036, 40.904376]], [[-73.894218, 40.889357], [-73.894242, 40.889386], [-73.894238, 40.889449], [-73.894207, 40.889644]], [[-73.894876, 40.910412], [-73.895139, 40.910457], [-73.895198, 40.910449], [-73.89523, 40.910445]], [[-73.897882, 40.887168], [-73.897954, 40.887192], [-73.89813, 40.887233], [-73.898234, 40.887274], [-73.898261, 40.887294]], [[-73.890352, 40.901805], [-73.890275, 40.901716], [-73.890218, 40.901668], [-73.890131, 40.901588]], [[-73.897747, 40.889184], [-73.897757, 40.889296], [-73.897764, 40.889412], [-73.897765, 40.889467]], [[-73.873579, 40.900064], [-73.873822, 40.900003], [-73.873922, 40.899984]], [[-73.897333, 40.890525], [-73.897294, 40.890561], [-73.897146, 40.890658], [-73.897006, 40.890695]], [[-73.881362, 40.889525], [-73.881331, 40.889607], [-73.881291, 40.889696], [-73.881233, 40.889804]], [[-73.88208, 40.896027], [-73.882137, 40.895756]], [[-73.889643, 40.884849], [-73.88949, 40.88483], [-73.889275, 40.884848]], [[-73.898603, 40.886859], [-73.898683, 40.886907], [-73.898751, 40.886982], [-73.898781, 40.887052], [-73.898779, 40.887091]], [[-73.878061, 40.902486], [-73.878061, 40.902479], [-73.878217, 40.902356], [-73.878337, 40.90227]], [[-73.884697, 40.898899], [-73.884761, 40.898976], [-73.884757, 40.899023], [-73.884814, 40.899094], [-73.884866, 40.899135]], [[-73.871837, 40.90021], [-73.87196, 40.900353], [-73.872061, 40.900457]], [[-73.881994, 40.897293], [-73.881938, 40.897286], [-73.881936, 40.897247], [-73.881854, 40.897245], [-73.881719, 40.897206], [-73.881716, 40.897208]], [[-73.891553, 40.891176], [-73.891426, 40.891111], [-73.891342, 40.891069], [-73.891313, 40.891055], [-73.891273, 40.891035]], [[-73.87488, 40.899804], [-73.875043, 40.899867], [-73.875161, 40.899922]], [[-73.890507, 40.908371], [-73.890509, 40.908365], [-73.890662, 40.908188], [-73.890664, 40.908186]], [[-73.897583, 40.887139], [-73.897635, 40.887156], [-73.897757, 40.887181], [-73.897882, 40.887168]], [[-73.877543, 40.900831], [-73.877719, 40.900916], [-73.877792, 40.900959]], [[-73.881056, 40.88941], [-73.881039, 40.889542], [-73.881062, 40.889599], [-73.881055, 40.889651]], [[-73.897975, 40.888782], [-73.89811, 40.888564]], [[-73.89854, 40.887215], [-73.89863, 40.887323], [-73.898657, 40.88742]], [[-73.881056, 40.88941], [-73.881159, 40.889438], [-73.881252, 40.889464], [-73.881362, 40.889525]], [[-73.895829, 40.908922], [-73.895714, 40.908878], [-73.895585, 40.908916], [-73.895517, 40.908884]], [[-73.873698, 40.902292], [-73.873919, 40.902444], [-73.873933, 40.902453]], [[-73.882941, 40.907112], [-73.882943, 40.907117], [-73.882934, 40.907356]], [[-73.894339, 40.888716], [-73.894669, 40.888727], [-73.894668, 40.888728]], [[-73.894573, 40.907184], [-73.894603, 40.907181], [-73.894685, 40.907168], [-73.894742, 40.907148], [-73.894785, 40.907114], [-73.894859, 40.907113], [-73.894889, 40.907115]], [[-73.882534, 40.890373], [-73.88255, 40.890372], [-73.882394, 40.890248], [-73.882318, 40.890195], [-73.882314, 40.890192]], [[-73.8913, 40.898902], [-73.891357, 40.898963], [-73.891419, 40.89899], [-73.891453, 40.898981], [-73.891517, 40.898964], [-73.891611, 40.898965]], [[-73.882314, 40.890192], [-73.882313, 40.890192], [-73.882312, 40.890327], [-73.882245, 40.890404]], [[-73.882245, 40.890404], [-73.882327, 40.890383], [-73.882534, 40.890373]], [[-73.889498, 40.908268], [-73.889494, 40.908269], [-73.889357, 40.908225], [-73.889224, 40.908163]], [[-73.897006, 40.890695], [-73.896894, 40.890725], [-73.896743, 40.890728], [-73.896682, 40.890725]], [[-73.892964, 40.890103], [-73.892979, 40.890192], [-73.892906, 40.890348]], [[-73.896342, 40.896165], [-73.89659, 40.896145]], [[-73.896296, 40.895772], [-73.896529, 40.89575]], [[-73.883461, 40.892824], [-73.883379, 40.892771], [-73.883247, 40.892727]], [[-73.873158, 40.900371], [-73.873188, 40.900535], [-73.873193, 40.900561]], [[-73.872061, 40.900457], [-73.872061, 40.900457], [-73.872069, 40.900466], [-73.872127, 40.900593], [-73.87213, 40.900599], [-73.872142, 40.900662]], [[-73.881137, 40.890545], [-73.881166, 40.890745]], [[-73.881362, 40.889525], [-73.881432, 40.889586], [-73.881569, 40.889656]], [[-73.895023, 40.890394], [-73.895113, 40.890408], [-73.895109, 40.890469], [-73.895034, 40.890459]], [[-73.898779, 40.887091], [-73.898776, 40.88716], [-73.898748, 40.887262], [-73.898735, 40.887284]], [[-73.889498, 40.908268], [-73.889342, 40.908416]], [[-73.881454, 40.897147], [-73.881719, 40.897206]], [[-73.892251, 40.901032], [-73.892265, 40.900971], [-73.892293, 40.900948], [-73.892303, 40.900943], [-73.892314, 40.900938], [-73.892339, 40.900935], [-73.892358, 40.900937], [-73.892388, 40.90095], [-73.8924, 40.90096]], [[-73.878692, 40.900546], [-73.878636, 40.900574], [-73.878587, 40.900586], [-73.878492, 40.900535]], [[-73.871704, 40.900028], [-73.871828, 40.900139], [-73.871837, 40.90021]], [[-73.891273, 40.891035], [-73.891152, 40.890974], [-73.891065, 40.89094]], [[-73.893162, 40.890247], [-73.892979, 40.890326], [-73.892906, 40.890348]], [[-73.897006, 40.890695], [-73.896995, 40.890698], [-73.896983, 40.8905], [-73.896986, 40.890494]], [[-73.898603, 40.886859], [-73.898545, 40.88691], [-73.898492, 40.886967], [-73.898446, 40.887019]], [[-73.881233, 40.889804], [-73.881177, 40.88976], [-73.881056, 40.889652], [-73.881055, 40.889651]], [[-73.89193, 40.909001], [-73.891931, 40.909], [-73.892003, 40.908931], [-73.892026, 40.908823]], [[-73.878205, 40.902739], [-73.878071, 40.902569], [-73.878068, 40.902566], [-73.878067, 40.902554]], [[-73.895517, 40.908884], [-73.895488, 40.90887], [-73.895356, 40.908748]], [[-73.878289, 40.902747], [-73.878288, 40.90275], [-73.878284, 40.902772], [-73.878251, 40.902953]], [[-73.894224, 40.88864], [-73.8942, 40.88862], [-73.894166, 40.888592], [-73.894118, 40.888552], [-73.89411, 40.888546], [-73.894036, 40.888495]], [[-73.89397, 40.889611], [-73.894074, 40.889614], [-73.894116, 40.889631], [-73.894202, 40.889673]], [[-73.891599, 40.895193], [-73.891582, 40.895181], [-73.891506, 40.895129], [-73.891462, 40.895094], [-73.891413, 40.895063]], [[-73.887894, 40.889789], [-73.887782, 40.889854], [-73.887669, 40.889918]], [[-73.891828, 40.902686], [-73.891896, 40.902704], [-73.891942, 40.902719], [-73.891967, 40.902732], [-73.892016, 40.902762], [-73.892038, 40.902773]], [[-73.881137, 40.890545], [-73.881372, 40.890605]], [[-73.896053, 40.893777], [-73.896251, 40.893774]], [[-73.881727, 40.892897], [-73.881873, 40.892761]], [[-73.878397, 40.902076], [-73.878372, 40.902228], [-73.878369, 40.902246]], [[-73.891819, 40.895407], [-73.891797, 40.895337], [-73.891794, 40.895283], [-73.891794, 40.895265]], [[-73.891617, 40.895058], [-73.89158, 40.894966], [-73.891557, 40.894913]], [[-73.880242, 40.90159], [-73.880242, 40.90159], [-73.880259, 40.901418]], [[-73.891694, 40.891045], [-73.891553, 40.891176]], [[-73.897882, 40.887168], [-73.897923, 40.887086], [-73.897958, 40.887032]], [[-73.898735, 40.887284], [-73.898668, 40.887396], [-73.898657, 40.88742]], [[-73.89844, 40.888662], [-73.898385, 40.888646], [-73.898322, 40.888627], [-73.898251, 40.888606]], [[-73.891825, 40.910001], [-73.891846, 40.909995], [-73.891936, 40.909967], [-73.891961, 40.909932], [-73.891961, 40.909906]], [[-73.889224, 40.908163], [-73.889289, 40.908302]], [[-73.89854, 40.887215], [-73.898381, 40.887155], [-73.898343, 40.887144]], [[-73.895001, 40.890623], [-73.895036, 40.89046], [-73.895034, 40.890459]], [[-73.891825, 40.899821], [-73.891783, 40.899866], [-73.891752, 40.899895], [-73.891707, 40.89993], [-73.891671, 40.899953]], [[-73.895278, 40.88989], [-73.895278, 40.889877], [-73.895255, 40.889862], [-73.895193, 40.889841], [-73.895166, 40.889839], [-73.895106, 40.889846], [-73.895098, 40.889862]], [[-73.873528, 40.902189], [-73.873528, 40.902189], [-73.873698, 40.902292]], [[-73.883384, 40.897812], [-73.883419, 40.897872], [-73.883509, 40.897923]], [[-73.877983, 40.901074], [-73.877977, 40.901143], [-73.877872, 40.90119]], [[-73.898699, 40.888158], [-73.898598, 40.888128], [-73.898505, 40.8881], [-73.898501, 40.888098]], [[-73.895168, 40.889983], [-73.895168, 40.889983], [-73.895223, 40.889965], [-73.895278, 40.889945], [-73.895278, 40.889915], [-73.895278, 40.88989]], [[-73.891992, 40.909165], [-73.89193, 40.909001]], [[-73.896324, 40.894163], [-73.896214, 40.894172], [-73.896104, 40.894181]], [[-73.897534, 40.890577], [-73.897525, 40.890574], [-73.897427, 40.89055], [-73.897418, 40.890548], [-73.897333, 40.890525]], [[-73.891757, 40.909086], [-73.89193, 40.909001]], [[-73.898735, 40.887284], [-73.898726, 40.887282], [-73.898543, 40.887217], [-73.89854, 40.887215]], [[-73.878061, 40.902486], [-73.877994, 40.902336]], [[-73.898343, 40.887144], [-73.898261, 40.887294]], [[-73.895034, 40.890459], [-73.894986, 40.890451], [-73.894963, 40.890446], [-73.894974, 40.89041], [-73.89498, 40.890392], [-73.895023, 40.890394]], [[-73.877023, 40.899218], [-73.877072, 40.899155], [-73.877161, 40.899107], [-73.877168, 40.899088]], [[-73.883796, 40.902851], [-73.883806, 40.902819], [-73.883815, 40.902803], [-73.883827, 40.902774], [-73.883856, 40.902748]], [[-73.879729, 40.896415], [-73.879708, 40.896447], [-73.879652, 40.896533], [-73.879649, 40.896538]], [[-73.880788, 40.896976], [-73.880893, 40.897074]], [[-73.877907, 40.904674], [-73.877889, 40.904606], [-73.877906, 40.904567], [-73.877907, 40.904564]], [[-73.889691, 40.884735], [-73.889654, 40.88485], [-73.889643, 40.884849]], [[-73.897958, 40.887032], [-73.897869, 40.887004], [-73.897808, 40.88699]], [[-73.896682, 40.890725], [-73.896628, 40.890723], [-73.896532, 40.890725]], [[-73.877907, 40.904674], [-73.877765, 40.90472]], [[-73.896532, 40.890725], [-73.896468, 40.890726], [-73.896359, 40.890751]], [[-73.881151, 40.896296], [-73.881047, 40.896398]], [[-73.898251, 40.888606], [-73.89811, 40.888564]], [[-73.89219, 40.896095], [-73.89201, 40.8961]], [[-73.889289, 40.908302], [-73.889336, 40.908405], [-73.889342, 40.908416]], [[-73.891594, 40.909147], [-73.891757, 40.909086]], [[-73.891805, 40.895646], [-73.891818, 40.895575], [-73.891829, 40.895523]], [[-73.895098, 40.889862], [-73.895099, 40.889903], [-73.895118, 40.889948], [-73.895168, 40.889983]], [[-73.897653, 40.889068], [-73.897706, 40.889149], [-73.897747, 40.889184]], [[-73.897686, 40.889829], [-73.897794, 40.889825], [-73.897832, 40.889824]], [[-73.898501, 40.888098], [-73.898423, 40.888075], [-73.898334, 40.888048]], [[-73.892407, 40.901059], [-73.892373, 40.901064], [-73.892338, 40.901069], [-73.892297, 40.901063], [-73.892267, 40.901046], [-73.892251, 40.901032]], [[-73.890983, 40.900348], [-73.890949, 40.900468]], [[-73.89477, 40.908507], [-73.894756, 40.908509], [-73.894643, 40.908442]], [[-73.897454, 40.890406], [-73.897579, 40.890444]], [[-73.891847, 40.902601], [-73.891846, 40.902603], [-73.891829, 40.902686], [-73.891828, 40.902686]], [[-73.877911, 40.90103], [-73.877983, 40.901074]], [[-73.895356, 40.908748], [-73.895355, 40.908747], [-73.89529, 40.90875], [-73.895235, 40.908717]], [[-73.891599, 40.895193], [-73.891608, 40.895132], [-73.891611, 40.895105]], [[-73.894889, 40.907115], [-73.894939, 40.907119], [-73.895029, 40.907131]], [[-73.898491, 40.886822], [-73.898582, 40.886846], [-73.898603, 40.886859]], [[-73.890096, 40.898997], [-73.890029, 40.899058]], [[-73.891794, 40.895265], [-73.891705, 40.895258], [-73.891665, 40.895234]], [[-73.879076, 40.895492], [-73.879084, 40.895449], [-73.879093, 40.895407]], [[-73.890613, 40.885001], [-73.890628, 40.884896]], [[-73.882152, 40.890453], [-73.88216, 40.890448], [-73.882245, 40.890404]], [[-73.892101, 40.908309], [-73.892108, 40.908278], [-73.892119, 40.908239], [-73.892122, 40.908232]], [[-73.881278, 40.889899], [-73.881235, 40.889806], [-73.881233, 40.889804]], [[-73.87783, 40.900982], [-73.877911, 40.90103]], [[-73.894105, 40.890544], [-73.894101, 40.890564]], [[-73.892115, 40.908222], [-73.892125, 40.908225]], [[-73.878337, 40.90227], [-73.878369, 40.902246]], [[-73.891439, 40.901366], [-73.891417, 40.901404]], [[-73.892122, 40.908232], [-73.892125, 40.908225]], [[-73.881885, 40.904955], [-73.881967, 40.904971]], [[-73.881143, 40.890806], [-73.881162, 40.890757], [-73.881166, 40.890745]], [[-73.878067, 40.902554], [-73.878061, 40.902486]], [[-73.890222, 40.908917], [-73.890245, 40.908908]], [[-73.894792, 40.908506], [-73.89477, 40.908507]], [[-73.891665, 40.895234], [-73.891605, 40.895198], [-73.891599, 40.895193]], [[-73.892951, 40.890093], [-73.892964, 40.890103]], [[-73.890664, 40.908186], [-73.890672, 40.908175]], [[-73.876624, 40.89998], [-73.876621, 40.899978], [-73.876612, 40.899971]], [[-73.883509, 40.897923], [-73.883512, 40.897924], [-73.883516, 40.897926]], [[-73.877792, 40.900959], [-73.87783, 40.900982]], [[-73.889625, 40.906607], [-73.88962, 40.906604], [-73.889616, 40.906601], [-73.889602, 40.90659], [-73.889595, 40.906584]], [[-73.876071, 40.898599], [-73.876051, 40.898594]], [[-73.894298, 40.891263], [-73.894316, 40.891274]], [[-73.891841, 40.895467], [-73.891819, 40.895407]], [[-73.891841, 40.895467], [-73.891829, 40.895523]], [[-73.892312, 40.907816], [-73.892295, 40.907851]], [[-73.891611, 40.895105], [-73.891613, 40.895096], [-73.891618, 40.895059], [-73.891617, 40.895058]], [[-73.891996, 40.909176], [-73.891992, 40.909165]], [[-73.881984, 40.897338], [-73.881994, 40.897293]], [[-73.880392, 40.900948], [-73.880619, 40.900535], [-73.881116, 40.900294], [-73.881384, 40.899968], [-73.881572, 40.899283]], [[-73.889341, 40.889525], [-73.889472, 40.889497], [-73.889642, 40.889465], [-73.889845, 40.889446], [-73.890015, 40.88944], [-73.890226, 40.889441], [-73.890411, 40.889444], [-73.890581, 40.889446], [-73.890934, 40.889433], [-73.891078, 40.889407], [-73.891179, 40.889386], [-73.891382, 40.88935], [-73.891526, 40.889329], [-73.891716, 40.889286], [-73.89185, 40.889211], [-73.891966, 40.889125], [-73.892025, 40.889058], [-73.892027, 40.889057]], [[-73.879649, 40.896538], [-73.879649, 40.896539], [-73.879407, 40.89707], [-73.879134, 40.897498], [-73.878914, 40.897769], [-73.87875, 40.897999], [-73.878668, 40.898148], [-73.878562, 40.898474], [-73.878507, 40.898757], [-73.878384, 40.899128], [-73.878281, 40.899401], [-73.878274, 40.899551]], [[-73.891767, 40.896648], [-73.891702, 40.896698], [-73.891595, 40.896782], [-73.891494, 40.89688], [-73.891443, 40.896931], [-73.891398, 40.897029], [-73.891346, 40.89712], [-73.891279, 40.897207], [-73.891206, 40.897278], [-73.891153, 40.897326], [-73.891112, 40.897416], [-73.891078, 40.897497], [-73.891062, 40.897635], [-73.891067, 40.89776], [-73.891071, 40.897834], [-73.891031, 40.897945], [-73.890993, 40.898048], [-73.891002, 40.898124], [-73.891042, 40.89819], [-73.891061, 40.898244], [-73.891054, 40.898357], [-73.89104, 40.898439], [-73.891039, 40.898497], [-73.891037, 40.89857], [-73.891056, 40.898619], [-73.891091, 40.898651], [-73.891106, 40.898665], [-73.891128, 40.89873], [-73.891146, 40.898787], [-73.891173, 40.898826], [-73.891225, 40.898884], [-73.891263, 40.898902], [-73.8913, 40.898902]], [[-73.881572, 40.899283], [-73.881573, 40.899278], [-73.881494, 40.898956], [-73.881589, 40.89851], [-73.881656, 40.898315], [-73.881959, 40.897404], [-73.881983, 40.897341], [-73.881984, 40.897338]], [[-73.890582, 40.902912], [-73.890582, 40.902914], [-73.890568, 40.902962], [-73.890528, 40.903127], [-73.890508, 40.90334], [-73.89049, 40.903479], [-73.890443, 40.903649], [-73.890416, 40.903749], [-73.89035, 40.903907], [-73.890362, 40.904061], [-73.890367, 40.904107], [-73.890457, 40.904272], [-73.890536, 40.904419], [-73.890598, 40.904534], [-73.890694, 40.904668], [-73.890832, 40.904712]], [[-73.878955, 40.902814], [-73.878952, 40.902829], [-73.878453, 40.906008]], [[-73.880993, 40.898643], [-73.88098, 40.898656], [-73.880726, 40.898875], [-73.880132, 40.89937], [-73.879781, 40.899645], [-73.879627, 40.899858], [-73.87944, 40.900327], [-73.879449, 40.900389], [-73.879415, 40.900479], [-73.879355, 40.900934], [-73.879268, 40.901407], [-73.879186, 40.901845]], [[-73.894392, 40.886581], [-73.894297, 40.887232], [-73.894269, 40.887689], [-73.894235, 40.888], [-73.894184, 40.8882], [-73.894141, 40.88832], [-73.894036, 40.888495]], [[-73.881656, 40.892749], [-73.88137, 40.892327], [-73.881252, 40.891923], [-73.881209, 40.891627], [-73.881103, 40.891337], [-73.881051, 40.891116], [-73.881039, 40.891067], [-73.881108, 40.890893], [-73.881143, 40.890806]], [[-73.898261, 40.887294], [-73.898287, 40.887312], [-73.898366, 40.887393], [-73.898407, 40.887479], [-73.898398, 40.887532], [-73.898354, 40.887632], [-73.897662, 40.889014], [-73.897648, 40.88906], [-73.897653, 40.889068]], [[-73.892967, 40.885335], [-73.893129, 40.885361], [-73.893285, 40.885388], [-73.893328, 40.885396], [-73.893583, 40.88544], [-73.893983, 40.88551], [-73.894259, 40.885547], [-73.894445, 40.885575], [-73.894515, 40.885601], [-73.894515, 40.885602]], [[-73.880993, 40.898643], [-73.881075, 40.898467], [-73.881179, 40.898062], [-73.881152, 40.897754], [-73.880951, 40.897334], [-73.880943, 40.897321]], [[-73.883406, 40.889693], [-73.883401, 40.889689], [-73.882943, 40.889576], [-73.882655, 40.889516], [-73.882256, 40.889454], [-73.881899, 40.889391]], [[-73.877994, 40.902336], [-73.877994, 40.902335], [-73.877942, 40.902213], [-73.877917, 40.90215], [-73.877887, 40.901878], [-73.877881, 40.90182], [-73.877798, 40.901605], [-73.877753, 40.901489], [-73.877771, 40.901425], [-73.877792, 40.90136], [-73.877793, 40.901277], [-73.877868, 40.901191], [-73.877872, 40.90119]], [[-73.875977, 40.904277], [-73.875979, 40.904288], [-73.875758, 40.904441], [-73.875718, 40.904744], [-73.875647, 40.904765], [-73.875671, 40.904825], [-73.875696, 40.904886], [-73.875631, 40.905089], [-73.875488, 40.904904], [-73.875421, 40.905107]], [[-73.873193, 40.900561], [-73.873299, 40.901146], [-73.873303, 40.901166], [-73.873528, 40.902189]], [[-73.878251, 40.902953], [-73.877993, 40.904365], [-73.877907, 40.904564]], [[-73.892048, 40.897049], [-73.892128, 40.89692], [-73.892213, 40.896836], [-73.892299, 40.896738], [-73.892353, 40.896678], [-73.892382, 40.896584], [-73.892407, 40.896467], [-73.892459, 40.896395], [-73.892498, 40.896326], [-73.892489, 40.896303], [-73.892424, 40.896311], [-73.892418, 40.896285], [-73.892408, 40.89624], [-73.892335, 40.896181], [-73.892232, 40.896097], [-73.892197, 40.896095], [-73.89219, 40.896095]], [[-73.891417, 40.901404], [-73.891218, 40.901832], [-73.891284, 40.901979], [-73.891338, 40.902094], [-73.891444, 40.9022], [-73.891615, 40.902371], [-73.891713, 40.90247], [-73.891847, 40.902601]], [[-73.879076, 40.895492], [-73.878923, 40.895701], [-73.878815, 40.895938], [-73.878757, 40.896006], [-73.877989, 40.896593], [-73.877921, 40.896626]], [[-73.874036, 40.904376], [-73.874032, 40.90434], [-73.874188, 40.904271], [-73.874198, 40.904107], [-73.874212, 40.90405], [-73.874178, 40.903914], [-73.874395, 40.90382], [-73.874451, 40.903644], [-73.874553, 40.903532], [-73.87472, 40.903293], [-73.874799, 40.903182], [-73.874865, 40.903159], [-73.875025, 40.903018], [-73.875032, 40.903011]], [[-73.880188, 40.884561], [-73.880368, 40.88432], [-73.880476, 40.884222], [-73.880569, 40.884185], [-73.880743, 40.884136], [-73.880805, 40.884121], [-73.881062, 40.884187], [-73.881147, 40.884187], [-73.881203, 40.88416], [-73.881258, 40.884119], [-73.881303, 40.884008], [-73.881276, 40.88386], [-73.881308, 40.883765], [-73.881365, 40.883699], [-73.881525, 40.883607]], [[-73.892692, 40.90156], [-73.892487, 40.901614], [-73.892402, 40.901743], [-73.892315, 40.901884], [-73.892218, 40.902041], [-73.892054, 40.902139], [-73.891894, 40.902526], [-73.891858, 40.902577], [-73.891847, 40.902601]], [[-73.877805, 40.905891], [-73.877809, 40.905845], [-73.877924, 40.904745], [-73.877907, 40.904674]], [[-73.883796, 40.902851], [-73.883789, 40.902853], [-73.883659, 40.902942], [-73.883504, 40.902941], [-73.883438, 40.90297], [-73.883085, 40.903378], [-73.882878, 40.903644], [-73.882746, 40.903824], [-73.882782, 40.903917], [-73.88278, 40.904056], [-73.882743, 40.90417]], [[-73.889595, 40.906584], [-73.889593, 40.906587], [-73.889567, 40.906642], [-73.889489, 40.906851], [-73.889408, 40.907138], [-73.88927, 40.907377], [-73.889173, 40.907537], [-73.889119, 40.907689], [-73.889124, 40.907855], [-73.889134, 40.907895], [-73.889182, 40.908038], [-73.889224, 40.908163]], [[-73.891828, 40.902686], [-73.891828, 40.902686], [-73.891806, 40.902825], [-73.891781, 40.902986], [-73.89182, 40.903137], [-73.891881, 40.90337], [-73.891929, 40.903534], [-73.891964, 40.903653], [-73.891974, 40.903698], [-73.891979, 40.90376], [-73.891965, 40.903952], [-73.891962, 40.904006], [-73.891927, 40.904133], [-73.891896, 40.904242], [-73.891879, 40.904283], [-73.891879, 40.904283], [-73.891877, 40.904283], [-73.891875, 40.904283], [-73.891872, 40.904284], [-73.89187, 40.904285]], [[-73.881525, 40.883607], [-73.881722, 40.883605], [-73.881853, 40.883636], [-73.881959, 40.883701], [-73.88208, 40.883704], [-73.882149, 40.883693], [-73.88224, 40.88366], [-73.882335, 40.883648], [-73.882405, 40.883647], [-73.88247, 40.883667], [-73.882568, 40.883693], [-73.882717, 40.883686], [-73.882863, 40.883645], [-73.883023, 40.883656], [-73.883087, 40.883675], [-73.883185, 40.883663], [-73.883241, 40.883613], [-73.883288, 40.883534], [-73.8833, 40.883488], [-73.883274, 40.883371]], [[-73.890832, 40.904712], [-73.890706, 40.904861], [-73.890609, 40.904998], [-73.890413, 40.905281], [-73.89035, 40.905373], [-73.890346, 40.905502], [-73.89026, 40.905618], [-73.890264, 40.905811], [-73.890153, 40.906114]], [[-73.881994, 40.897293], [-73.882004, 40.897249], [-73.882009, 40.896526], [-73.88208, 40.896027]], [[-73.892906, 40.890348], [-73.892787, 40.890385], [-73.892609, 40.890458], [-73.892421, 40.890547], [-73.892232, 40.890647], [-73.892051, 40.890752], [-73.891848, 40.89091], [-73.891696, 40.891043], [-73.891694, 40.891045]], [[-73.879649, 40.896538], [-73.879131, 40.896511], [-73.879124, 40.895508], [-73.879076, 40.895492]], [[-73.875571, 40.90314], [-73.875598, 40.9033], [-73.875593, 40.90342], [-73.875771, 40.903699], [-73.875902, 40.903904], [-73.875977, 40.904277]], [[-73.876071, 40.898599], [-73.876153, 40.89839], [-73.876256, 40.898279], [-73.876347, 40.898215], [-73.876479, 40.898181], [-73.876654, 40.898002], [-73.876724, 40.897765], [-73.876794, 40.897559], [-73.876835, 40.897356]], [[-73.882362, 40.905087], [-73.882448, 40.905077], [-73.882461, 40.905082], [-73.882482, 40.905059], [-73.882483, 40.904989], [-73.882522, 40.90494], [-73.88256, 40.90486], [-73.88256, 40.904775], [-73.882584, 40.904651], [-73.882609, 40.904548], [-73.882599, 40.904483], [-73.882638, 40.904371], [-73.882688, 40.904308], [-73.882713, 40.90424], [-73.882743, 40.90417]], [[-73.877921, 40.896626], [-73.877897, 40.896638], [-73.877612, 40.89667], [-73.876732, 40.896711]], [[-73.884033, 40.890632], [-73.883953, 40.890355], [-73.883902, 40.890209], [-73.883837, 40.890113], [-73.883632, 40.889849], [-73.883406, 40.889693]], [[-73.894515, 40.885602], [-73.894512, 40.885672], [-73.894473, 40.885807], [-73.894432, 40.885944], [-73.894381, 40.88608], [-73.894331, 40.886201], [-73.894268, 40.886335], [-73.894202, 40.886462]]]}}, {"type": "Feature", "properties": {"trail_name": "VC Greenway", "park_id": "X092", "park_name": "Van Cortlandt Park", "surface": "Paved", "class": "Class V : Fully Developed", "difficulty": "1: flat and smooth", "width_ft": "Over 8 feet", "source": "NYC Open Data \u2014 Parks Trails (vjbm-hsyr)", "segment_count": 23}, "geometry": {"type": "MultiLineString", "coordinates": [[[-73.890687, 40.889063], [-73.89053, 40.889114], [-73.890388, 40.889153], [-73.890175, 40.889218], [-73.889993, 40.889277], [-73.889864, 40.889314], [-73.889698, 40.889361], [-73.88955, 40.889425], [-73.889445, 40.889475], [-73.88937, 40.88951], [-73.889341, 40.889525]], [[-73.893343, 40.889056], [-73.893449, 40.88903], [-73.893553, 40.888985], [-73.893652, 40.888925], [-73.893774, 40.888837], [-73.893841, 40.888762], [-73.893908, 40.888704], [-73.893964, 40.888667], [-73.894003, 40.888655], [-73.894149, 40.88864], [-73.894224, 40.88864]], [[-73.888398, 40.890237], [-73.888399, 40.890237], [-73.888575, 40.890083], [-73.888662, 40.89], [-73.888769, 40.88989], [-73.888901, 40.889763], [-73.889033, 40.889687], [-73.889163, 40.889616], [-73.889207, 40.889593], [-73.889247, 40.889571], [-73.889337, 40.889525], [-73.889341, 40.889525]], [[-73.894721, 40.888718], [-73.894838, 40.888718], [-73.895146, 40.888748], [-73.895266, 40.888764], [-73.895442, 40.888798], [-73.895562, 40.888825], [-73.895614, 40.888838]], [[-73.895305, 40.888317], [-73.895204, 40.888458], [-73.895101, 40.888559], [-73.894971, 40.888646], [-73.894827, 40.888698], [-73.894721, 40.888718]], [[-73.887882, 40.89023], [-73.887887, 40.890224], [-73.887938, 40.890169], [-73.887999, 40.890086], [-73.887988, 40.890008], [-73.887908, 40.889961], [-73.887844, 40.889958], [-73.887755, 40.890008], [-73.887731, 40.890091], [-73.887801, 40.890187], [-73.88783, 40.890204], [-73.887882, 40.89023]], [[-73.896708, 40.886911], [-73.89686, 40.886821], [-73.89703, 40.886703], [-73.897164, 40.886589], [-73.897256, 40.886469], [-73.897333, 40.886386], [-73.897335, 40.886377]], [[-73.887669, 40.889918], [-73.887661, 40.889953], [-73.88762, 40.890117], [-73.887575, 40.890258], [-73.88763, 40.890306], [-73.887683, 40.890329], [-73.887777, 40.890322], [-73.887828, 40.890286], [-73.887882, 40.89023]], [[-73.895305, 40.888317], [-73.895294, 40.88837], [-73.895359, 40.888594], [-73.895451, 40.888709], [-73.895571, 40.8888], [-73.895614, 40.888838]], [[-73.897165, 40.889356], [-73.897173, 40.889356], [-73.897222, 40.889364], [-73.897316, 40.889379], [-73.897455, 40.889405], [-73.897605, 40.889434], [-73.897724, 40.889458], [-73.897765, 40.889467]], [[-73.887882, 40.89023], [-73.887917, 40.890247], [-73.88799, 40.890283], [-73.88805, 40.890312], [-73.888137, 40.890322], [-73.888197, 40.890298], [-73.888302, 40.890262], [-73.888398, 40.890237]], [[-73.897765, 40.889467], [-73.897789, 40.889472], [-73.897872, 40.889493], [-73.89794, 40.889513], [-73.898012, 40.889536]], [[-73.894606, 40.88875], [-73.894427, 40.888813]], [[-73.897335, 40.886377], [-73.897385, 40.886229]], [[-73.894427, 40.888813], [-73.894339, 40.888716]], [[-73.894339, 40.888716], [-73.894261, 40.88867], [-73.894234, 40.888648], [-73.894224, 40.88864]], [[-73.89082, 40.889002], [-73.890807, 40.889004], [-73.890774, 40.889015], [-73.890747, 40.889033], [-73.890687, 40.889063]], [[-73.894668, 40.888728], [-73.894606, 40.88875]], [[-73.894721, 40.888718], [-73.894668, 40.888728]], [[-73.891, 40.889011], [-73.891019, 40.889022]], [[-73.893186, 40.88906], [-73.893237, 40.889066], [-73.893328, 40.88906], [-73.893343, 40.889056]], [[-73.896708, 40.886911], [-73.896645, 40.886926], [-73.896486, 40.887], [-73.896308, 40.887106], [-73.896046, 40.887328], [-73.895841, 40.887522], [-73.89569, 40.887663], [-73.895501, 40.887855], [-73.895336, 40.888172], [-73.895305, 40.888317]], [[-73.895614, 40.888838], [-73.895659, 40.888849], [-73.89575, 40.888876], [-73.895879, 40.888925], [-73.895975, 40.888965], [-73.896158, 40.889039], [-73.896269, 40.889088], [-73.896385, 40.889147], [-73.896456, 40.88918], [-73.89656, 40.889228], [-73.896682, 40.889274], [-73.896794, 40.889304], [-73.89688, 40.889325], [-73.896943, 40.889336], [-73.897014, 40.889343], [-73.897103, 40.88935], [-73.897165, 40.889356]]]}}, {"type": "Feature", "properties": {"trail_name": "Cass Gallagher Nature Trail", "park_id": "X092", "park_name": "Van Cortlandt Park", "surface": "Dirt", "class": "Class II : Simple/Minor Developed", "difficulty": "2: flat terrain, uneven treadway, slight elevation change", "width_ft": "4 feet to less than 6 feet", "source": "NYC Open Data \u2014 Parks Trails (vjbm-hsyr)", "segment_count": 29}, "geometry": {"type": "MultiLineString", "coordinates": [[[-73.890364, 40.90753], [-73.89034, 40.907512], [-73.890271, 40.907456], [-73.890232, 40.907379], [-73.890265, 40.907258], [-73.890418, 40.90708], [-73.890443, 40.906975], [-73.890445, 40.906953], [-73.890453, 40.906853], [-73.89043, 40.906796], [-73.890434, 40.906733]], [[-73.893567, 40.90691], [-73.893544, 40.907], [-73.893533, 40.907076], [-73.893529, 40.907135], [-73.893528, 40.907202], [-73.893528, 40.907319], [-73.893527, 40.907416], [-73.893556, 40.907454], [-73.893612, 40.907508], [-73.893647, 40.907542], [-73.893688, 40.907583], [-73.893745, 40.907632], [-73.894077, 40.90776], [-73.894083, 40.907762]], [[-73.890949, 40.900468], [-73.890967, 40.900469], [-73.891018, 40.900471], [-73.891145, 40.900487], [-73.89125, 40.900501], [-73.891352, 40.900545], [-73.891427, 40.900579], [-73.891533, 40.900664], [-73.89162, 40.900741], [-73.891687, 40.900861], [-73.891772, 40.901009], [-73.891802, 40.901038], [-73.891935, 40.901163]], [[-73.891566, 40.907823], [-73.891672, 40.907872], [-73.891753, 40.907798], [-73.891808, 40.907732], [-73.891821, 40.907639], [-73.891878, 40.907627], [-73.891989, 40.907698], [-73.892199, 40.907676], [-73.892206, 40.907743], [-73.892299, 40.907813], [-73.892312, 40.907816]], [[-73.893461, 40.904374], [-73.893522, 40.904558], [-73.893473, 40.904783], [-73.893581, 40.905106]], [[-73.890364, 40.90753], [-73.890418, 40.907431], [-73.89052, 40.907389], [-73.890581, 40.907364], [-73.890708, 40.907372], [-73.890894, 40.907394], [-73.890988, 40.907417], [-73.891197, 40.907519], [-73.891218, 40.907535]], [[-73.893096, 40.90339], [-73.89322, 40.903315], [-73.893324, 40.903391], [-73.89336, 40.90342], [-73.893433, 40.90354], [-73.893482, 40.903676], [-73.893501, 40.903736], [-73.893467, 40.903812], [-73.893467, 40.903835]], [[-73.893467, 40.903835], [-73.893458, 40.904366], [-73.893461, 40.904374]], [[-73.890131, 40.901588], [-73.890086, 40.901723], [-73.890067, 40.90191], [-73.890137, 40.902026], [-73.8902, 40.902128], [-73.890206, 40.902145], [-73.890206, 40.902146]], [[-73.891218, 40.907535], [-73.891291, 40.907589], [-73.891343, 40.907655], [-73.89138, 40.907701], [-73.8914, 40.907793], [-73.891458, 40.907805], [-73.891566, 40.907823]], [[-73.890357, 40.901032], [-73.890316, 40.901085], [-73.890302, 40.90118], [-73.890261, 40.901341], [-73.890198, 40.901492], [-73.890198, 40.901491]], [[-73.890794, 40.900844], [-73.89074, 40.900848], [-73.890633, 40.900858], [-73.890539, 40.900877], [-73.890512, 40.900885], [-73.890424, 40.900947], [-73.890357, 40.901032]], [[-73.892418, 40.907844], [-73.892453, 40.907842], [-73.892502, 40.90784], [-73.892656, 40.907904], [-73.892858, 40.907981]], [[-73.890948, 40.900473], [-73.890877, 40.900627], [-73.890794, 40.900844]], [[-73.890251, 40.902292], [-73.890374, 40.902448], [-73.890463, 40.90256]], [[-73.891935, 40.901163], [-73.891969, 40.901149], [-73.892098, 40.901098], [-73.892251, 40.901032]], [[-73.893619, 40.90663], [-73.893568, 40.906908], [-73.893567, 40.90691]], [[-73.890826, 40.902668], [-73.890814, 40.902674], [-73.890616, 40.902595], [-73.890463, 40.90256]], [[-73.890251, 40.902292], [-73.890251, 40.902292], [-73.890206, 40.902146]], [[-73.890926, 40.902765], [-73.890826, 40.902668]], [[-73.890131, 40.901588], [-73.890131, 40.901588], [-73.890198, 40.901491]], [[-73.892312, 40.907816], [-73.892418, 40.907844]], [[-73.891252, 40.904279], [-73.891242, 40.904365]], [[-73.890949, 40.900468], [-73.890948, 40.900473]], [[-73.893581, 40.905106], [-73.893581, 40.905106], [-73.893449, 40.905149], [-73.893392, 40.905305], [-73.893428, 40.905391], [-73.893497, 40.905404], [-73.893631, 40.905484], [-73.893755, 40.905529], [-73.893848, 40.905672], [-73.893809, 40.905838], [-73.893776, 40.905965], [-73.893759, 40.906134], [-73.893663, 40.906321], [-73.893547, 40.906353], [-73.893521, 40.906475], [-73.893621, 40.906623], [-73.893619, 40.90663]], [[-73.891242, 40.904365], [-73.891238, 40.904414], [-73.891308, 40.904478], [-73.891373, 40.904552], [-73.891375, 40.904619], [-73.891318, 40.904707], [-73.891281, 40.904784], [-73.891258, 40.904835], [-73.891168, 40.904908], [-73.891084, 40.90497], [-73.891029, 40.905037], [-73.890871, 40.905167], [-73.890761, 40.905395], [-73.890679, 40.905605], [-73.890575, 40.90576], [-73.890576, 40.905766]], [[-73.891252, 40.904279], [-73.891162, 40.90414], [-73.891107, 40.904034], [-73.890995, 40.903914], [-73.891078, 40.903753], [-73.891002, 40.903705], [-73.891003, 40.90362], [-73.891037, 40.903515], [-73.891051, 40.90344], [-73.891128, 40.903371], [-73.891062, 40.903255], [-73.891027, 40.903195], [-73.891026, 40.903147], [-73.891025, 40.903031], [-73.890967, 40.902882], [-73.890926, 40.902765]], [[-73.894083, 40.907762], [-73.894077, 40.907839], [-73.894103, 40.907896], [-73.894094, 40.907933], [-73.893886, 40.908119], [-73.89375, 40.908218], [-73.893301, 40.908126], [-73.893217, 40.908098], [-73.893135, 40.908094], [-73.892896, 40.908046], [-73.892882, 40.908023], [-73.892869, 40.908]], [[-73.890576, 40.905766], [-73.890601, 40.905874], [-73.89067, 40.90601], [-73.890693, 40.906103], [-73.890616, 40.906257], [-73.890452, 40.90645], [-73.890442, 40.90651], [-73.890409, 40.906628], [-73.890434, 40.906727], [-73.890434, 40.906733]]]}}, {"type": "Feature", "properties": {"trail_name": "John Muir Trail", "park_id": "X092", "park_name": "Van Cortlandt Park", "surface": "Dirt", "class": "Class II : Simple/Minor Developed", "difficulty": "2: flat terrain, uneven treadway, slight elevation change", "width_ft": "2 feet to less than 4 feet", "source": "NYC Open Data \u2014 Parks Trails (vjbm-hsyr)", "segment_count": 46}, "geometry": {"type": "MultiLineString", "coordinates": [[[-73.875365, 40.902076], [-73.87534, 40.902233], [-73.875428, 40.902272], [-73.875542, 40.902259], [-73.875464, 40.902462], [-73.875528, 40.902596], [-73.875616, 40.902679], [-73.875717, 40.902748], [-73.875802, 40.902738]], [[-73.888053, 40.900599], [-73.888024, 40.900604], [-73.887592, 40.900572], [-73.887167, 40.90044], [-73.886848, 40.900303], [-73.886742, 40.900257]], [[-73.876401, 40.903256], [-73.876395, 40.903212], [-73.876342, 40.903199], [-73.87629, 40.9032], [-73.876247, 40.903135], [-73.876238, 40.903053], [-73.876239, 40.903011], [-73.876199, 40.902972], [-73.876152, 40.902932], [-73.876072, 40.902888], [-73.876012, 40.902897], [-73.875959, 40.902871], [-73.875887, 40.902848], [-73.87584, 40.902818], [-73.875737, 40.902781], [-73.875687, 40.902757], [-73.87568, 40.902723]], [[-73.880824, 40.902266], [-73.880768, 40.902255], [-73.880391, 40.902178], [-73.880259, 40.902204], [-73.879921, 40.902271], [-73.879826, 40.902289], [-73.879747, 40.90235]], [[-73.882638, 40.902186], [-73.88249, 40.902257], [-73.882219, 40.902334], [-73.882162, 40.902367], [-73.882025, 40.902506], [-73.88178, 40.902491], [-73.881508, 40.902534], [-73.881346, 40.902591]], [[-73.89087, 40.899605], [-73.89062, 40.899476], [-73.890401, 40.899362], [-73.890289, 40.899283], [-73.89015, 40.899163], [-73.890029, 40.899058]], [[-73.874643, 40.901503], [-73.874618, 40.90149], [-73.874538, 40.901395], [-73.874474, 40.901349], [-73.874415, 40.901306], [-73.874341, 40.90121], [-73.874278, 40.901093], [-73.87425, 40.900954], [-73.87423, 40.900834], [-73.874221, 40.900756], [-73.8743, 40.900669]], [[-73.876854, 40.903272], [-73.876957, 40.903272], [-73.877397, 40.903254], [-73.877719, 40.903245]], [[-73.881346, 40.902591], [-73.881345, 40.90259], [-73.881228, 40.90248], [-73.881136, 40.902414], [-73.880964, 40.9023], [-73.880824, 40.902266]], [[-73.892617, 40.901228], [-73.892637, 40.901242], [-73.892687, 40.901274], [-73.892814, 40.90135], [-73.892945, 40.901413], [-73.893094, 40.901482], [-73.893163, 40.901513]], [[-73.875019, 40.901989], [-73.874849, 40.901914], [-73.874782, 40.901824], [-73.874675, 40.901622], [-73.874643, 40.901503]], [[-73.886025, 40.899828], [-73.885916, 40.899717], [-73.885939, 40.899686], [-73.886017, 40.899639], [-73.886088, 40.899629], [-73.886091, 40.899783], [-73.886025, 40.899828]], [[-73.878289, 40.902747], [-73.878666, 40.902783], [-73.878955, 40.902814]], [[-73.877719, 40.903245], [-73.877724, 40.903245], [-73.877809, 40.903002], [-73.877947, 40.902857]], [[-73.89087, 40.899605], [-73.891178, 40.899581], [-73.891246, 40.899576], [-73.891358, 40.899471]], [[-73.873579, 40.900064], [-73.873355, 40.900009], [-73.87309, 40.899945], [-73.87308, 40.899944]], [[-73.882996, 40.900847], [-73.882968, 40.900946], [-73.882958, 40.901098], [-73.882917, 40.901178], [-73.88276, 40.901163]], [[-73.874213, 40.900536], [-73.874113, 40.900384], [-73.873959, 40.90031], [-73.873837, 40.900194]], [[-73.872997, 40.899484], [-73.87308, 40.899943], [-73.87308, 40.899944]], [[-73.879747, 40.90235], [-73.879683, 40.902449], [-73.879577, 40.902471], [-73.879458, 40.902581], [-73.879371, 40.902608]], [[-73.884866, 40.899135], [-73.884829, 40.89919], [-73.884776, 40.899225], [-73.884735, 40.899343], [-73.884687, 40.899485]], [[-73.884064, 40.901813], [-73.883973, 40.901767], [-73.88392, 40.901758], [-73.883649, 40.901709]], [[-73.876401, 40.903255], [-73.876531, 40.903271], [-73.876854, 40.903272]], [[-73.886598, 40.900167], [-73.88633, 40.900038], [-73.886256, 40.89998]], [[-73.886256, 40.89998], [-73.886025, 40.899828]], [[-73.875019, 40.901989], [-73.875116, 40.902014], [-73.875303, 40.902046], [-73.875307, 40.902046]], [[-73.878955, 40.902814], [-73.878971, 40.902814], [-73.87903, 40.902819], [-73.879034, 40.902819], [-73.879267, 40.902765]], [[-73.873837, 40.900194], [-73.873817, 40.900176], [-73.873579, 40.900064]], [[-73.877947, 40.902857], [-73.878053, 40.902751], [-73.878154, 40.902741], [-73.878182, 40.902738]], [[-73.8743, 40.900669], [-73.874213, 40.900536]], [[-73.879267, 40.902765], [-73.879267, 40.902765], [-73.879371, 40.902608]], [[-73.893189, 40.901526], [-73.893193, 40.901527], [-73.893338, 40.901601]], [[-73.886678, 40.900216], [-73.886598, 40.900167]], [[-73.878205, 40.902739], [-73.878289, 40.902747]], [[-73.878182, 40.902738], [-73.878185, 40.902737], [-73.878205, 40.902739]], [[-73.891926, 40.899963], [-73.89193, 40.899967]], [[-73.893163, 40.901513], [-73.893189, 40.901526]], [[-73.886742, 40.900257], [-73.886681, 40.900217], [-73.886678, 40.900216]], [[-73.87308, 40.899944], [-73.87309, 40.899994]], [[-73.875307, 40.902046], [-73.875365, 40.902076]], [[-73.884687, 40.899485], [-73.884637, 40.899632], [-73.884511, 40.900179], [-73.88444, 40.900407], [-73.884326, 40.900778], [-73.884116, 40.901619], [-73.884067, 40.901804], [-73.884065, 40.901812], [-73.884064, 40.901813]], [[-73.894341, 40.90253], [-73.893901, 40.902071], [-73.893631, 40.901775], [-73.893338, 40.901601]], [[-73.883649, 40.901709], [-73.883586, 40.901636], [-73.883568, 40.901473], [-73.883535, 40.901395], [-73.883501, 40.901355], [-73.883569, 40.901181], [-73.88348, 40.901121], [-73.883503, 40.901079], [-73.883422, 40.901016], [-73.883157, 40.900941], [-73.883062, 40.90086], [-73.882996, 40.900847]], [[-73.890029, 40.899058], [-73.889778, 40.89922], [-73.889601, 40.899433], [-73.889423, 40.899737], [-73.889384, 40.899795], [-73.889276, 40.899958], [-73.889174, 40.900095]], [[-73.886025, 40.899828], [-73.88585, 40.899948], [-73.885733, 40.900029], [-73.885584, 40.89993], [-73.885359, 40.899653], [-73.885067, 40.899308], [-73.884866, 40.899135]], [[-73.889174, 40.900095], [-73.889068, 40.900226], [-73.888674, 40.900472], [-73.888235, 40.900568], [-73.888053, 40.900599]]]}}, {"type": "Feature", "properties": {"trail_name": "Bridle Trail", "park_id": "X092", "park_name": "Van Cortlandt Park", "surface": "Dirt", "class": "Class IV : Highly Developed", "difficulty": "2: flat terrain, uneven treadway, slight elevation change", "width_ft": "Over 8 feet", "source": "NYC Open Data \u2014 Parks Trails (vjbm-hsyr)", "segment_count": 14}, "geometry": {"type": "MultiLineString", "coordinates": [[[-73.893087, 40.905812], [-73.893056, 40.906276], [-73.893025, 40.90668]], [[-73.893096, 40.90339], [-73.893094, 40.9034], [-73.892995, 40.903889], [-73.892987, 40.904009], [-73.892978, 40.904134], [-73.892985, 40.9043]], [[-73.892695, 40.909129], [-73.892689, 40.909194], [-73.892515, 40.909941], [-73.89249, 40.910059]], [[-73.893733, 40.900811], [-73.893682, 40.900968], [-73.893675, 40.90107], [-73.893659, 40.901182], [-73.8936, 40.901282], [-73.893569, 40.901319], [-73.893445, 40.901377], [-73.8933, 40.901436], [-73.893189, 40.901526]], [[-73.892766, 40.908478], [-73.892755, 40.908531], [-73.892728, 40.908795], [-73.892712, 40.908957], [-73.892696, 40.909125], [-73.892695, 40.909129]], [[-73.892869, 40.908], [-73.892807, 40.908288]], [[-73.893974, 40.899244], [-73.89397, 40.899399], [-73.893964, 40.899452]], [[-73.892807, 40.908288], [-73.892766, 40.908478]], [[-73.892985, 40.9043], [-73.892986, 40.904342]], [[-73.892869, 40.908], [-73.892859, 40.907982], [-73.892858, 40.907981]], [[-73.894222, 40.89792], [-73.89412, 40.89796], [-73.894043, 40.898018], [-73.893969, 40.898098], [-73.893919, 40.898197], [-73.893905, 40.898263], [-73.893916, 40.898343], [-73.893944, 40.89855], [-73.893963, 40.898856], [-73.893977, 40.899149], [-73.893974, 40.899244]], [[-73.893964, 40.899452], [-73.893944, 40.899654], [-73.89393, 40.899828], [-73.893928, 40.899983], [-73.893888, 40.900164], [-73.893851, 40.900293], [-73.893819, 40.900408], [-73.893776, 40.900579], [-73.893751, 40.900755], [-73.893733, 40.900811]], [[-73.892986, 40.904342], [-73.892991, 40.904447], [-73.89306, 40.905084], [-73.893103, 40.905473], [-73.893088, 40.905791], [-73.893087, 40.905812]], [[-73.893025, 40.90668], [-73.893019, 40.906767], [-73.892933, 40.907532], [-73.892893, 40.907804], [-73.892858, 40.907981]]]}}, {"type": "Feature", "properties": {"trail_name": "Cross Country Trail", "park_id": "X092", "park_name": "Van Cortlandt Park", "surface": "Dirt", "class": "Class IV : Highly Developed", "difficulty": "2: flat terrain, uneven treadway, slight elevation change", "width_ft": "Over 8 feet", "source": "NYC Open Data \u2014 Parks Trails (vjbm-hsyr)", "segment_count": 74}, "geometry": {"type": "MultiLineString", "coordinates": [[[-73.891292, 40.891462], [-73.891265, 40.891489], [-73.891189, 40.891588], [-73.891125, 40.89169], [-73.891089, 40.891794], [-73.89107, 40.891878], [-73.890993, 40.892001], [-73.890952, 40.892061], [-73.89091, 40.892131], [-73.890882, 40.89221], [-73.89087, 40.892253], [-73.890869, 40.892257]], [[-73.891358, 40.899471], [-73.891263, 40.899481], [-73.891147, 40.899487], [-73.891027, 40.899472], [-73.890838, 40.899421], [-73.890643, 40.89933], [-73.890516, 40.899242], [-73.890246, 40.899089], [-73.890096, 40.898997]], [[-73.892038, 40.902773], [-73.892037, 40.902775], [-73.891999, 40.902892], [-73.892001, 40.902939], [-73.892049, 40.903084], [-73.892096, 40.903186], [-73.892139, 40.903238], [-73.892255, 40.903283], [-73.892386, 40.90333], [-73.892476, 40.903368], [-73.892548, 40.903403]], [[-73.891987, 40.894158], [-73.891979, 40.894239], [-73.891971, 40.89432], [-73.891921, 40.894438], [-73.89173, 40.894726], [-73.891649, 40.894829], [-73.891569, 40.894901], [-73.891557, 40.894913]], [[-73.890983, 40.900348], [-73.890869, 40.900383], [-73.890732, 40.900393], [-73.890528, 40.900393], [-73.890449, 40.90043], [-73.89037, 40.900497], [-73.890231, 40.900661]], [[-73.8925, 40.897714], [-73.892564, 40.897993], [-73.892562, 40.898043], [-73.892552, 40.898075], [-73.892536, 40.898099], [-73.892521, 40.898116], [-73.892494, 40.898142], [-73.892438, 40.898185], [-73.892368, 40.898233], [-73.892311, 40.898269], [-73.892259, 40.898293], [-73.892234, 40.898301]], [[-73.891671, 40.899953], [-73.891637, 40.899961], [-73.891634, 40.899962], [-73.891625, 40.899967], [-73.891541, 40.900015], [-73.891541, 40.900015], [-73.891436, 40.900068], [-73.891288, 40.900157], [-73.891194, 40.90022], [-73.891102, 40.900282], [-73.890983, 40.900346], [-73.890983, 40.900348]], [[-73.894951, 40.891392], [-73.895037, 40.8914], [-73.895218, 40.8914], [-73.895377, 40.891371], [-73.895529, 40.891304], [-73.89564, 40.891226], [-73.895733, 40.891158]], [[-73.889625, 40.906607], [-73.889626, 40.906607], [-73.889701, 40.906654], [-73.889759, 40.906688], [-73.889851, 40.90674], [-73.8899, 40.906768], [-73.889944, 40.906791], [-73.889973, 40.906801], [-73.889987, 40.906805], [-73.890006, 40.906808], [-73.890035, 40.906809], [-73.890092, 40.906808], [-73.890165, 40.906802], [-73.89022, 40.906797], [-73.890264, 40.90679], [-73.890311, 40.90678], [-73.890344, 40.906769], [-73.890412, 40.906743], [-73.890433, 40.906734], [-73.890434, 40.906733]], [[-73.891338, 40.895146], [-73.891215, 40.895303], [-73.891055, 40.895593], [-73.890978, 40.89582], [-73.890966, 40.895855]], [[-73.890054, 40.898393], [-73.889996, 40.898443], [-73.889918, 40.89862], [-73.889903, 40.898696], [-73.889923, 40.898788], [-73.889994, 40.898906], [-73.89008, 40.898987]], [[-73.890434, 40.906733], [-73.890434, 40.906733], [-73.890438, 40.906732], [-73.890447, 40.906728], [-73.890497, 40.906706], [-73.890602, 40.90664], [-73.890665, 40.906456], [-73.890698, 40.906426], [-73.890777, 40.906405], [-73.890872, 40.906411], [-73.890927, 40.906405], [-73.890937, 40.906397]], [[-73.892008, 40.897267], [-73.892012, 40.897285], [-73.892016, 40.897294], [-73.892029, 40.897316], [-73.892051, 40.897341], [-73.89215, 40.897435], [-73.892219, 40.897499], [-73.892336, 40.8976], [-73.892462, 40.897662], [-73.8925, 40.897712], [-73.8925, 40.897714]], [[-73.892564, 40.905335], [-73.892536, 40.905326], [-73.892382, 40.905261], [-73.892221, 40.905225], [-73.892053, 40.905205], [-73.891943, 40.905191], [-73.891824, 40.905177], [-73.891794, 40.905175]], [[-73.89201, 40.8961], [-73.892012, 40.896131], [-73.891988, 40.896212], [-73.891933, 40.896325], [-73.891838, 40.896455], [-73.891779, 40.896549], [-73.891764, 40.896594], [-73.891763, 40.896597], [-73.891764, 40.896639]], [[-73.894126, 40.897441], [-73.894119, 40.897486], [-73.894183, 40.897749], [-73.894222, 40.89792]], [[-73.891525, 40.89371], [-73.89155, 40.893735], [-73.891619, 40.893802], [-73.891682, 40.893861], [-73.891747, 40.893922], [-73.891822, 40.893996], [-73.89189, 40.894062], [-73.891959, 40.89413], [-73.891987, 40.894158]], [[-73.896104, 40.894181], [-73.896068, 40.893933], [-73.896053, 40.893775]], [[-73.896341, 40.896164], [-73.896296, 40.895772]], [[-73.891233, 40.905376], [-73.891265, 40.905333], [-73.891314, 40.905299], [-73.891471, 40.905228], [-73.891635, 40.905178], [-73.891688, 40.905172], [-73.89175, 40.905173], [-73.89175, 40.905173]], [[-73.891805, 40.895646], [-73.891829, 40.895669], [-73.891855, 40.895695], [-73.891874, 40.895726], [-73.891896, 40.895775], [-73.891914, 40.895816], [-73.891944, 40.895888], [-73.891974, 40.895961], [-73.891994, 40.896015], [-73.892007, 40.896077]], [[-73.890869, 40.892257], [-73.890865, 40.892276], [-73.890848, 40.892346], [-73.890827, 40.892451], [-73.89082, 40.89252], [-73.890829, 40.89261], [-73.89085, 40.892706], [-73.890853, 40.892716]], [[-73.894456, 40.899256], [-73.894377, 40.899357], [-73.894306, 40.899416], [-73.894126, 40.899456], [-73.893964, 40.899452]], [[-73.890966, 40.895855], [-73.891062, 40.89589], [-73.891159, 40.895927], [-73.891305, 40.895955], [-73.891426, 40.89597], [-73.891527, 40.895983], [-73.891536, 40.895984], [-73.891547, 40.895985]], [[-73.891767, 40.896648], [-73.891792, 40.896727], [-73.891832, 40.896844], [-73.891886, 40.896949], [-73.892003, 40.89702], [-73.892035, 40.897036], [-73.892045, 40.897044]], [[-73.890272, 40.897952], [-73.890209, 40.898161], [-73.890157, 40.898294], [-73.890098, 40.898355], [-73.890054, 40.898393]], [[-73.891547, 40.895985], [-73.891616, 40.895884], [-73.89169, 40.895737], [-73.891728, 40.895655], [-73.891749, 40.895644]], [[-73.891547, 40.895985], [-73.891682, 40.895992], [-73.891819, 40.896004], [-73.891951, 40.896028], [-73.892007, 40.896077]], [[-73.89006, 40.90087], [-73.889981, 40.90092], [-73.889948, 40.900949], [-73.889826, 40.90109], [-73.889781, 40.901157]], [[-73.892617, 40.901228], [-73.892635, 40.901356], [-73.892643, 40.901411], [-73.892661, 40.901443], [-73.892688, 40.90153], [-73.892689, 40.901543], [-73.892692, 40.90156]], [[-73.893549, 40.895925], [-73.893655, 40.896179]], [[-73.892008, 40.897267], [-73.892009, 40.897245], [-73.892015, 40.897216], [-73.892044, 40.897116], [-73.892052, 40.897087], [-73.892054, 40.897062], [-73.892052, 40.897055], [-73.892048, 40.897049]], [[-73.894624, 40.891329], [-73.894912, 40.891388], [-73.894951, 40.891392]], [[-73.895826, 40.897683], [-73.895826, 40.897683], [-73.895901, 40.897644], [-73.895994, 40.897595], [-73.896091, 40.897546], [-73.896103, 40.897536]], [[-73.893455, 40.895692], [-73.893496, 40.895797], [-73.893547, 40.895921], [-73.893549, 40.895925]], [[-73.894298, 40.891263], [-73.894624, 40.891329]], [[-73.891926, 40.899963], [-73.891839, 40.899949], [-73.891768, 40.899945], [-73.891689, 40.899949], [-73.891671, 40.899953]], [[-73.891557, 40.894913], [-73.891551, 40.894919], [-73.891543, 40.894928], [-73.891413, 40.895063]], [[-73.893964, 40.899452], [-73.89379, 40.899428], [-73.893778, 40.899427]], [[-73.890189, 40.900737], [-73.890182, 40.90075], [-73.890104, 40.900843], [-73.89006, 40.90087]], [[-73.896867, 40.89191], [-73.896867, 40.89191], [-73.896975, 40.891986]], [[-73.891413, 40.895063], [-73.89141, 40.895067], [-73.891358, 40.895121], [-73.891346, 40.895137], [-73.891343, 40.89514], [-73.891338, 40.895146]], [[-73.890231, 40.900661], [-73.890189, 40.900737]], [[-73.889781, 40.901157], [-73.889777, 40.901162], [-73.889762, 40.901233], [-73.889762, 40.901233]], [[-73.890096, 40.898997], [-73.89008, 40.898987]], [[-73.89175, 40.905173], [-73.891794, 40.905175]], [[-73.891749, 40.895644], [-73.891768, 40.895637], [-73.891798, 40.89564], [-73.891805, 40.895646]], [[-73.89447, 40.899238], [-73.894456, 40.899256]], [[-73.892007, 40.896077], [-73.89201, 40.8961]], [[-73.892048, 40.897049], [-73.892045, 40.897045], [-73.892045, 40.897044]], [[-73.891764, 40.896639], [-73.891767, 40.896648]], [[-73.889191, 40.903185], [-73.889193, 40.90318], [-73.889262, 40.903101], [-73.889383, 40.902931], [-73.88947, 40.902827], [-73.889512, 40.902761], [-73.88954, 40.902685], [-73.889567, 40.902545], [-73.889594, 40.902426], [-73.889604, 40.901991], [-73.889661, 40.901834], [-73.889679, 40.901599], [-73.88971, 40.901486], [-73.889762, 40.901233]], [[-73.896053, 40.893775], [-73.896041, 40.893657], [-73.896061, 40.893394], [-73.896091, 40.893255], [-73.896137, 40.893098], [-73.896224, 40.892889], [-73.896327, 40.892694], [-73.896414, 40.892529], [-73.896506, 40.892378], [-73.89662, 40.892246], [-73.896734, 40.892072], [-73.896829, 40.891951], [-73.896867, 40.89191]], [[-73.894316, 40.891274], [-73.893881, 40.891212], [-73.893643, 40.891185], [-73.893424, 40.89117], [-73.893133, 40.891154], [-73.892963, 40.891149], [-73.892765, 40.891149], [-73.892652, 40.891153], [-73.892536, 40.891158], [-73.892352, 40.891168], [-73.892126, 40.89118], [-73.891938, 40.891185], [-73.891767, 40.891207], [-73.891649, 40.891241], [-73.891542, 40.891281], [-73.891466, 40.891322], [-73.891364, 40.891391], [-73.891292, 40.891462]], [[-73.890966, 40.895855], [-73.890961, 40.89587], [-73.890872, 40.89612], [-73.890835, 40.896304], [-73.890756, 40.89665], [-73.890673, 40.896889], [-73.890498, 40.897218], [-73.890349, 40.897452], [-73.890262, 40.897625], [-73.89025, 40.897744], [-73.890263, 40.89785], [-73.890277, 40.897935], [-73.890272, 40.897952]], [[-73.89447, 40.899238], [-73.894472, 40.899247], [-73.894729, 40.899137], [-73.894818, 40.899103], [-73.89498, 40.898999], [-73.895048, 40.898903], [-73.895109, 40.898798], [-73.895204, 40.898668], [-73.89529, 40.898568], [-73.895382, 40.898479], [-73.895491, 40.898359], [-73.89555, 40.898282], [-73.895602, 40.898204], [-73.895646, 40.898128], [-73.895676, 40.898049], [-73.895693, 40.897982], [-73.895718, 40.897885], [-73.895757, 40.897799], [-73.895787, 40.897746], [-73.895826, 40.897683]], [[-73.891987, 40.894158], [-73.891997, 40.894168], [-73.892032, 40.894201], [-73.892067, 40.894234], [-73.892162, 40.894314], [-73.892239, 40.894382], [-73.892313, 40.894447], [-73.892391, 40.894516], [-73.892461, 40.894572], [-73.892542, 40.894625], [-73.892642, 40.894688], [-73.892729, 40.894738], [-73.892827, 40.894799], [-73.8929, 40.89485], [-73.89296, 40.8949], [-73.893024, 40.894966], [-73.893074, 40.895032], [-73.893121, 40.895113], [-73.893158, 40.895187], [-73.893213, 40.89531], [-73.893299, 40.895409], [-73.893372, 40.895522], [-73.893431, 40.895633], [-73.893455, 40.895692]], [[-73.890272, 40.897952], [-73.890324, 40.897861], [-73.890418, 40.897756], [-73.890554, 40.897557], [-73.890685, 40.89735], [-73.890841, 40.897119], [-73.890957, 40.896912], [-73.891032, 40.896771], [-73.891136, 40.896612], [-73.891227, 40.896486], [-73.891324, 40.896393], [-73.891434, 40.89626], [-73.891493, 40.896131], [-73.891508, 40.896056], [-73.891545, 40.895988], [-73.891547, 40.895985]], [[-73.896103, 40.897536], [-73.896161, 40.89749], [-73.896232, 40.897398], [-73.896316, 40.897285], [-73.89636, 40.897211], [-73.896393, 40.897092], [-73.896415, 40.897002], [-73.896431, 40.89692], [-73.896434, 40.896819], [-73.896421, 40.896749], [-73.896399, 40.896661], [-73.896397, 40.896583], [-73.896381, 40.89648], [-73.896367, 40.896386], [-73.896341, 40.896164]], [[-73.889595, 40.906584], [-73.889584, 40.906574], [-73.88958, 40.906569], [-73.889569, 40.906556], [-73.889562, 40.906547], [-73.889556, 40.906539], [-73.889551, 40.906532], [-73.889547, 40.906527], [-73.889542, 40.906519], [-73.889537, 40.906512], [-73.889532, 40.906503], [-73.889524, 40.906489], [-73.889521, 40.906484], [-73.889518, 40.906477], [-73.889515, 40.906467], [-73.889511, 40.906451], [-73.88951, 40.906422], [-73.88951, 40.906407], [-73.889511, 40.906401], [-73.889512, 40.906382], [-73.889513, 40.906376], [-73.889513, 40.906371], [-73.889515, 40.906359], [-73.889516, 40.906353], [-73.889517, 40.906349], [-73.889518, 40.906343], [-73.889519, 40.906334], [-73.889521, 40.906324], [-73.889525, 40.90631], [-73.889527, 40.906304], [-73.889528, 40.906301], [-73.889533, 40.90629], [-73.889538, 40.906279], [-73.889541, 40.906273], [-73.889545, 40.906264], [-73.889547, 40.906258], [-73.889574, 40.906207], [-73.889647, 40.906059], [-73.88965, 40.905991], [-73.889569, 40.905828], [-73.889517, 40.905762], [-73.889399, 40.90564], [-73.889305, 40.905545], [-73.889288, 40.905451], [-73.889314, 40.905343], [-73.889324, 40.905337]], [[-73.890189, 40.904612], [-73.890191, 40.904564], [-73.89017, 40.904483], [-73.890119, 40.904377], [-73.890053, 40.904281], [-73.890006, 40.904228], [-73.889953, 40.904182], [-73.889721, 40.904027], [-73.88959, 40.903939], [-73.889415, 40.903777], [-73.889358, 40.903709], [-73.889293, 40.903596], [-73.889178, 40.90333], [-73.88917, 40.903234], [-73.889191, 40.903185]], [[-73.892595, 40.904314], [-73.892573, 40.904396], [-73.892571, 40.904469], [-73.892596, 40.904547], [-73.892649, 40.904698], [-73.892698, 40.904819], [-73.892752, 40.904983], [-73.892769, 40.90509], [-73.892782, 40.905226], [-73.892777, 40.905292], [-73.892744, 40.905343], [-73.892714, 40.905359], [-73.892632, 40.905357], [-73.892564, 40.905335]], [[-73.892234, 40.898301], [-73.892224, 40.898304], [-73.892127, 40.898333], [-73.892078, 40.898352], [-73.892042, 40.898376], [-73.891995, 40.898425], [-73.891955, 40.898469], [-73.891861, 40.898574], [-73.891802, 40.898641], [-73.891757, 40.8987], [-73.891692, 40.8988], [-73.891627, 40.89891], [-73.891614, 40.898946], [-73.891609, 40.898981], [-73.891607, 40.899016], [-73.891609, 40.899054], [-73.891615, 40.89909], [-73.891643, 40.899172], [-73.891665, 40.899244], [-73.891686, 40.89931], [-73.891706, 40.899368], [-73.891716, 40.899412], [-73.891716, 40.899415], [-73.891717, 40.89942]], [[-73.894126, 40.897441], [-73.894126, 40.897442], [-73.894311, 40.897578], [-73.894516, 40.897695], [-73.894701, 40.897757], [-73.894978, 40.897802], [-73.895255, 40.897807], [-73.895562, 40.897757], [-73.895826, 40.897683]], [[-73.896296, 40.895772], [-73.896204, 40.894989], [-73.89614, 40.89443], [-73.896104, 40.894181]], [[-73.893655, 40.896179], [-73.893655, 40.89618], [-73.893704, 40.896319], [-73.893755, 40.89651], [-73.893795, 40.896634], [-73.893838, 40.89682], [-73.893887, 40.896968], [-73.893995, 40.897243], [-73.894094, 40.897388], [-73.894126, 40.897441]], [[-73.890853, 40.892716], [-73.890888, 40.892816], [-73.890934, 40.892924], [-73.890971, 40.892997], [-73.891015, 40.893076], [-73.89105, 40.893134], [-73.891078, 40.893181], [-73.891136, 40.89327], [-73.891185, 40.893335], [-73.891246, 40.893424], [-73.891292, 40.893477], [-73.891343, 40.893531], [-73.891418, 40.893605], [-73.891475, 40.893662], [-73.891525, 40.89371]], [[-73.892692, 40.90156], [-73.892697, 40.901598], [-73.892696, 40.901682], [-73.892683, 40.901836], [-73.892675, 40.901968], [-73.892666, 40.902067], [-73.892624, 40.902157], [-73.892595, 40.902199], [-73.892547, 40.902239], [-73.892448, 40.902319], [-73.892375, 40.902383], [-73.892281, 40.90246], [-73.892181, 40.902556], [-73.892085, 40.902676], [-73.892046, 40.902736], [-73.892038, 40.902773]], [[-73.893778, 40.899427], [-73.893619, 40.899417], [-73.89333, 40.899402], [-73.893084, 40.89939], [-73.892964, 40.89938], [-73.892797, 40.899358], [-73.892608, 40.899332], [-73.892424, 40.899324], [-73.8922, 40.899336], [-73.89205, 40.899353], [-73.891888, 40.899377], [-73.891717, 40.89942]], [[-73.894222, 40.89792], [-73.89423, 40.897956], [-73.894261, 40.89809], [-73.894281, 40.898226], [-73.894297, 40.898325], [-73.894333, 40.898516], [-73.894355, 40.898592], [-73.894395, 40.898718], [-73.894421, 40.898819], [-73.894444, 40.898943], [-73.894445, 40.899047], [-73.894447, 40.899149], [-73.89447, 40.899238]], [[-73.895733, 40.891158], [-73.895916, 40.891286], [-73.896386, 40.891578], [-73.896689, 40.891783], [-73.896867, 40.89191]], [[-73.890937, 40.906397], [-73.891067, 40.906289], [-73.891164, 40.906183], [-73.89126, 40.906066], [-73.891295, 40.905999], [-73.891375, 40.905897], [-73.891397, 40.905857], [-73.891409, 40.905789], [-73.891385, 40.905709], [-73.891303, 40.905534], [-73.891257, 40.905471], [-73.891237, 40.905435], [-73.891227, 40.905384], [-73.891233, 40.905376]], [[-73.889324, 40.905337], [-73.889408, 40.905286], [-73.889535, 40.90524], [-73.889626, 40.905214], [-73.889707, 40.905154], [-73.889851, 40.90504], [-73.889938, 40.904894], [-73.889971, 40.90486], [-73.890121, 40.904745], [-73.890162, 40.904691], [-73.890188, 40.90464], [-73.890189, 40.904612]], [[-73.892548, 40.903403], [-73.892589, 40.903423], [-73.892699, 40.903542], [-73.892726, 40.903638], [-73.892738, 40.903715], [-73.892722, 40.903903], [-73.89267, 40.904086], [-73.892623, 40.904211], [-73.892595, 40.904314]]]}}, {"type": "Feature", "properties": {"trail_name": "Old Croton Aqueduct Trail", "park_id": "X092", "park_name": "Van Cortlandt Park", "surface": "Dirt", "class": "Class III : Developed/Improved", "difficulty": "2: flat terrain, uneven treadway, slight elevation change", "width_ft": "2 feet to less than 4 feet", "source": "NYC Open Data \u2014 Parks Trails (vjbm-hsyr)", "segment_count": 26}, "geometry": {"type": "MultiLineString", "coordinates": [[[-73.886285, 40.884339], [-73.886181, 40.884247], [-73.885991, 40.884108], [-73.885683, 40.883959], [-73.885622, 40.883933], [-73.885473, 40.883874], [-73.885259, 40.883894]], [[-73.882395, 40.906309], [-73.882395, 40.906309], [-73.882404, 40.906434], [-73.882437, 40.906904], [-73.882459, 40.907222]], [[-73.88346, 40.892838], [-73.8832, 40.893114], [-73.882945, 40.893381], [-73.882626, 40.893613], [-73.882561, 40.893651]], [[-73.881151, 40.896296], [-73.881133, 40.896392], [-73.881104, 40.896556], [-73.881194, 40.896641], [-73.881131, 40.896852], [-73.881122, 40.896858], [-73.881016, 40.89693], [-73.880915, 40.89695], [-73.880853, 40.896963], [-73.880788, 40.896976]], [[-73.882137, 40.895756], [-73.882076, 40.895783], [-73.881621, 40.89598], [-73.881151, 40.896296]], [[-73.886454, 40.886108], [-73.886452, 40.886105], [-73.886515, 40.886012], [-73.886558, 40.88582], [-73.886653, 40.885751], [-73.886742, 40.885529]], [[-73.882335, 40.905471], [-73.882336, 40.905471], [-73.882385, 40.906169]], [[-73.882561, 40.893651], [-73.882244, 40.893832], [-73.882134, 40.893888], [-73.882063, 40.893973]], [[-73.882341, 40.90533], [-73.882371, 40.905203], [-73.882354, 40.90499]], [[-73.88276, 40.901164], [-73.882758, 40.90116], [-73.88273, 40.9011], [-73.882791, 40.900979], [-73.882837, 40.900886], [-73.882893, 40.900827]], [[-73.885255, 40.883891], [-73.885154, 40.883869], [-73.88512, 40.883808], [-73.885185, 40.883746], [-73.885192, 40.883736]], [[-73.880788, 40.896976], [-73.880788, 40.896976], [-73.880701, 40.896789], [-73.8807, 40.896788]], [[-73.882385, 40.906169], [-73.882385, 40.906173], [-73.882393, 40.906281]], [[-73.882335, 40.905471], [-73.882329, 40.905381], [-73.882331, 40.905375]], [[-73.882393, 40.906281], [-73.882395, 40.906309]], [[-73.884209, 40.89121], [-73.88439, 40.891198], [-73.884555, 40.891101], [-73.884705, 40.890933], [-73.885073, 40.890511], [-73.885283, 40.890367], [-73.885756, 40.89001], [-73.886258, 40.889676], [-73.886265, 40.889663]], [[-73.88233, 40.904152], [-73.88232, 40.903969], [-73.882485, 40.903124], [-73.882554, 40.902745], [-73.882638, 40.902186]], [[-73.882893, 40.900827], [-73.883186, 40.899521], [-73.883423, 40.898383], [-73.883516, 40.897926]], [[-73.883516, 40.897926], [-73.883519, 40.897909], [-73.883575, 40.897549], [-73.883636, 40.897153], [-73.883748, 40.896577], [-73.883846, 40.896092], [-73.883982, 40.895635], [-73.88409, 40.895416], [-73.884462, 40.894846], [-73.884603, 40.894535], [-73.884642, 40.894441], [-73.884637, 40.894383], [-73.884563, 40.894342]], [[-73.886265, 40.889663], [-73.886503, 40.889215], [-73.886638, 40.888807], [-73.886715, 40.888602], [-73.886735, 40.888344], [-73.886829, 40.888169], [-73.886847, 40.888125], [-73.886845, 40.88805], [-73.886793, 40.887953], [-73.886794, 40.887746], [-73.886844, 40.887519], [-73.886808, 40.887397], [-73.886779, 40.887125], [-73.886779, 40.887009], [-73.886714, 40.886788], [-73.886675, 40.88651], [-73.886454, 40.886108]], [[-73.884209, 40.89121], [-73.884252, 40.891264], [-73.884301, 40.89144], [-73.884339, 40.891802], [-73.884291, 40.892027], [-73.884057, 40.892318], [-73.883803, 40.892552], [-73.88346, 40.892838]], [[-73.884563, 40.894342], [-73.884547, 40.894355], [-73.884108, 40.894708], [-73.883883, 40.894834], [-73.883182, 40.895251], [-73.88226, 40.895703], [-73.882137, 40.895756]], [[-73.882063, 40.893973], [-73.881787, 40.894304], [-73.881357, 40.894596], [-73.880858, 40.894849], [-73.880365, 40.894992]], [[-73.8807, 40.896788], [-73.88065, 40.896691], [-73.880437, 40.896271], [-73.880327, 40.895928], [-73.8803, 40.89576], [-73.880312, 40.895299]], [[-73.886742, 40.885529], [-73.886519, 40.885271], [-73.88652, 40.885215], [-73.88654, 40.885133], [-73.886608, 40.885006], [-73.88662, 40.88494], [-73.886589, 40.884867], [-73.886594, 40.884825], [-73.886558, 40.884661], [-73.886492, 40.884517], [-73.886423, 40.884444], [-73.886284, 40.884342]], [[-73.882354, 40.90499], [-73.882346, 40.904883], [-73.882387, 40.90443], [-73.88233, 40.904154], [-73.88233, 40.904152]]]}}, {"type": "Feature", "properties": {"trail_name": "Cross Country Trail, John Muir Trail", "park_id": "X092", "park_name": "Van Cortlandt Park", "surface": "Gravel", "class": "Class V : Fully Developed", "difficulty": "2: flat terrain, uneven treadway, slight elevation change", "width_ft": "Over 8 feet", "source": "NYC Open Data \u2014 Parks Trails (vjbm-hsyr)", "segment_count": 6}, "geometry": {"type": "MultiLineString", "coordinates": [[[-73.89193, 40.899967], [-73.89193, 40.899968], [-73.891968, 40.900018], [-73.892038, 40.900108], [-73.892109, 40.900199], [-73.892204, 40.900329], [-73.892262, 40.900438], [-73.892285, 40.900497], [-73.89234, 40.900644], [-73.892365, 40.900726], [-73.89238, 40.900779], [-73.892402, 40.900831], [-73.892409, 40.900869], [-73.8924, 40.90096]], [[-73.891717, 40.89942], [-73.891722, 40.899465], [-73.891735, 40.89954], [-73.891778, 40.899685], [-73.891823, 40.899819], [-73.891825, 40.899821]], [[-73.891717, 40.89942], [-73.891522, 40.899452], [-73.891358, 40.899471]], [[-73.892407, 40.901059], [-73.892473, 40.901118], [-73.892526, 40.901162], [-73.892588, 40.901208], [-73.892617, 40.901228]], [[-73.891825, 40.899821], [-73.891875, 40.899897], [-73.891919, 40.899953], [-73.891926, 40.899963]], [[-73.8924, 40.90096], [-73.892404, 40.900965], [-73.892417, 40.900982], [-73.892422, 40.90101], [-73.892416, 40.901033], [-73.892407, 40.901059], [-73.892407, 40.901059]]]}}, {"type": "Feature", "properties": {"trail_name": "Jerome Wetland Walk", "park_id": "X092", "park_name": "Van Cortlandt Park", "surface": "Paved", "class": "Class IV : Highly Developed", "difficulty": "1: flat and smooth", "width_ft": "2 feet to less than 4 feet", "source": "NYC Open Data \u2014 Parks Trails (vjbm-hsyr)", "segment_count": 6}, "geometry": {"type": "MultiLineString", "coordinates": [[[-73.880214, 40.889645], [-73.880078, 40.889732], [-73.880004, 40.889937], [-73.880136, 40.89007], [-73.880198, 40.890188], [-73.880542, 40.890322]], [[-73.88065, 40.889625], [-73.880412, 40.889624], [-73.880214, 40.889645]], [[-73.878247, 40.887642], [-73.878329, 40.887668], [-73.878373, 40.887705], [-73.878456, 40.887707], [-73.878504, 40.887707], [-73.878546, 40.887708], [-73.878632, 40.887754]], [[-73.878676, 40.887858], [-73.878632, 40.887754]], [[-73.879499, 40.889157], [-73.879352, 40.889043], [-73.879225, 40.888946], [-73.879099, 40.888845], [-73.878985, 40.888746], [-73.87888, 40.888655], [-73.878799, 40.888507], [-73.878734, 40.88837], [-73.878705, 40.888298], [-73.878698, 40.888205], [-73.878692, 40.88811], [-73.878676, 40.887858]], [[-73.880214, 40.889645], [-73.880107, 40.889534], [-73.880091, 40.889416], [-73.879976, 40.889286], [-73.879867, 40.889162], [-73.879864, 40.889162], [-73.879838, 40.889133], [-73.8795, 40.889157], [-73.879499, 40.889157]]]}}, {"type": "Feature", "properties": {"trail_name": "Croton Connector Trail", "park_id": "X092", "park_name": "Van Cortlandt Park", "surface": "Dirt", "class": "Class III : Developed/Improved", "difficulty": "2: flat terrain, uneven treadway, slight elevation change", "width_ft": "Over 8 feet", "source": "NYC Open Data \u2014 Parks Trails (vjbm-hsyr)", "segment_count": 13}, "geometry": {"type": "MultiLineString", "coordinates": [[[-73.8818, 40.903579], [-73.881712, 40.903246], [-73.881447, 40.902778], [-73.881346, 40.902591]], [[-73.882331, 40.905375], [-73.882493, 40.905598], [-73.882514, 40.905627], [-73.88264, 40.905761], [-73.88268, 40.905803], [-73.882816, 40.905949], [-73.882924, 40.906258]], [[-73.884548, 40.906008], [-73.884431, 40.906125], [-73.884294, 40.906354], [-73.883898, 40.906567]], [[-73.882341, 40.90533], [-73.882163, 40.905282], [-73.882157, 40.905279], [-73.88202, 40.905197], [-73.881967, 40.904971]], [[-73.883444, 40.906893], [-73.883521, 40.906882], [-73.883654, 40.906854], [-73.883778, 40.906737], [-73.883898, 40.906567], [-73.883898, 40.906567]], [[-73.883082, 40.906557], [-73.883153, 40.906676], [-73.883193, 40.906742], [-73.883368, 40.906904]], [[-73.884548, 40.906008], [-73.884548, 40.906008], [-73.884938, 40.906047]], [[-73.882945, 40.906301], [-73.883058, 40.906515], [-73.883082, 40.906557]], [[-73.881967, 40.904971], [-73.881964, 40.904897]], [[-73.88294, 40.906292], [-73.882945, 40.906301]], [[-73.883368, 40.906904], [-73.883444, 40.906893]], [[-73.882924, 40.906258], [-73.882927, 40.906266], [-73.88294, 40.906292]], [[-73.881964, 40.904897], [-73.881951, 40.904611], [-73.881894, 40.904155], [-73.881809, 40.903636], [-73.881809, 40.903635], [-73.881806, 40.903625], [-73.881805, 40.903618], [-73.8818, 40.903579]]]}}, {"type": "Feature", "properties": {"trail_name": "Old Croton Aqueduct Trail, John Muir Trail", "park_id": "X092", "park_name": "Van Cortlandt Park", "surface": "Dirt", "class": "Class IV : Highly Developed", "difficulty": "2: flat terrain, uneven treadway, slight elevation change", "width_ft": "Over 8 feet", "source": "NYC Open Data \u2014 Parks Trails (vjbm-hsyr)", "segment_count": 2}, "geometry": {"type": "MultiLineString", "coordinates": [[[-73.882638, 40.902186], [-73.882669, 40.902059], [-73.882699, 40.901924], [-73.882723, 40.90169], [-73.882837, 40.90133], [-73.882836, 40.901327]], [[-73.882836, 40.901327], [-73.88276, 40.901164]]]}}, {"type": "Feature", "properties": {"trail_name": "Putnam Greenway", "park_id": "X092", "park_name": "Van Cortlandt Park", "surface": "Paved", "class": "Class IV : Highly Developed", "difficulty": "2: flat terrain, uneven treadway, slight elevation change", "width_ft": "4 feet to less than 6 feet", "source": "NYC Open Data \u2014 Parks Trails (vjbm-hsyr)", "segment_count": 21}, "geometry": {"type": "MultiLineString", "coordinates": [[[-73.886283, 40.901515], [-73.886488, 40.900829], [-73.886497, 40.900799]], [[-73.890445, 40.891467], [-73.890408, 40.891502], [-73.890303, 40.891602], [-73.890214, 40.891701], [-73.890182, 40.891751], [-73.890132, 40.891827], [-73.89009, 40.891892], [-73.890046, 40.891961], [-73.889999, 40.892035], [-73.889987, 40.892055]], [[-73.890995, 40.890995], [-73.890903, 40.891068], [-73.890792, 40.89116], [-73.890653, 40.891279], [-73.890482, 40.891433], [-73.890445, 40.891467]], [[-73.891983, 40.890288], [-73.891553, 40.890584], [-73.891544, 40.89059]], [[-73.893197, 40.889429], [-73.893202, 40.889426], [-73.893226, 40.8894], [-73.893258, 40.889376], [-73.89331, 40.889337], [-73.893349, 40.889308], [-73.893389, 40.889273], [-73.893407, 40.889243], [-73.893402, 40.889195], [-73.893385, 40.889148], [-73.893343, 40.889056]], [[-73.886698, 40.900152], [-73.886832, 40.899719]], [[-73.886541, 40.900657], [-73.886677, 40.900218], [-73.886678, 40.900216]], [[-73.891502, 40.890619], [-73.891398, 40.890691], [-73.891252, 40.890798], [-73.891246, 40.890802], [-73.891236, 40.89081]], [[-73.884938, 40.906047], [-73.884938, 40.906047], [-73.884992, 40.905852], [-73.884998, 40.905831]], [[-73.891236, 40.89081], [-73.89108, 40.890927], [-73.891065, 40.89094]], [[-73.886497, 40.900799], [-73.886541, 40.900657]], [[-73.893343, 40.889056], [-73.89331, 40.888983], [-73.893301, 40.888958], [-73.893292, 40.888933]], [[-73.891065, 40.89094], [-73.890995, 40.890995]], [[-73.891544, 40.89059], [-73.891502, 40.890619]], [[-73.886678, 40.900216], [-73.886698, 40.900152]], [[-73.887902, 40.896161], [-73.888117, 40.895459], [-73.888189, 40.895274], [-73.888291, 40.895036], [-73.888466, 40.89468], [-73.888754, 40.894164], [-73.888849, 40.893997]], [[-73.886832, 40.899719], [-73.886989, 40.899215], [-73.887811, 40.896457], [-73.887902, 40.896161]], [[-73.884798, 40.907842], [-73.884858, 40.906576], [-73.884903, 40.906201], [-73.884938, 40.906047]], [[-73.885447, 40.904281], [-73.885472, 40.904198], [-73.885735, 40.90333], [-73.885824, 40.903038]], [[-73.884998, 40.905831], [-73.88533, 40.904667], [-73.885447, 40.904281]], [[-73.885824, 40.903038], [-73.886208, 40.901765], [-73.886283, 40.901515]]]}}, {"type": "Feature", "properties": {"trail_name": "Putnam Greenway, John Kieran Trail", "park_id": "X092", "park_name": "Van Cortlandt Park", "surface": "Paved", "class": "Class IV : Highly Developed", "difficulty": "2: flat terrain, uneven treadway, slight elevation change", "width_ft": "4 feet to less than 6 feet", "source": "NYC Open Data \u2014 Parks Trails (vjbm-hsyr)", "segment_count": 14}, "geometry": {"type": "MultiLineString", "coordinates": [[[-73.892609, 40.88985], [-73.891984, 40.890287], [-73.891983, 40.890288]], [[-73.889179, 40.893431], [-73.888867, 40.893966], [-73.888848, 40.893997], [-73.888849, 40.893997]], [[-73.889505, 40.892873], [-73.889245, 40.893319]], [[-73.892921, 40.889625], [-73.892844, 40.889681], [-73.892613, 40.889847], [-73.892609, 40.88985]], [[-73.889635, 40.89265], [-73.889505, 40.892873]], [[-73.889942, 40.892127], [-73.889937, 40.892136], [-73.889811, 40.892345], [-73.889811, 40.892346]], [[-73.889741, 40.892469], [-73.889635, 40.89265]], [[-73.892937, 40.889614], [-73.892945, 40.889608], [-73.892993, 40.889573], [-73.893045, 40.889534], [-73.893081, 40.889508], [-73.893084, 40.889505]], [[-73.893084, 40.889505], [-73.893127, 40.889473], [-73.893166, 40.889445], [-73.893197, 40.889429]], [[-73.889245, 40.893319], [-73.889179, 40.893431]], [[-73.889804, 40.892357], [-73.889741, 40.892469]], [[-73.889987, 40.892055], [-73.889942, 40.892127]], [[-73.889811, 40.892346], [-73.889804, 40.892357]], [[-73.892921, 40.889625], [-73.892923, 40.889624], [-73.892937, 40.889614]]]}}, {"type": "Feature", "properties": {"trail_name": "John Kieran Nature Trail", "park_id": "X092", "park_name": "Van Cortlandt Park", "surface": "Dirt", "class": "Class III : Developed/Improved", "difficulty": "2: flat terrain, uneven treadway, slight elevation change", "width_ft": "4 feet to less than 6 feet", "source": "NYC Open Data \u2014 Parks Trails (vjbm-hsyr)", "segment_count": 26}, "geometry": {"type": "MultiLineString", "coordinates": [[[-73.890212, 40.890903], [-73.890212, 40.890904], [-73.890192, 40.890945], [-73.890189, 40.890987], [-73.890178, 40.891107], [-73.890162, 40.891234], [-73.890117, 40.891321], [-73.89007, 40.89141], [-73.890018, 40.891511], [-73.889995, 40.891564]], [[-73.890637, 40.890467], [-73.890624, 40.890476], [-73.890504, 40.890484], [-73.890405, 40.890492], [-73.890331, 40.890522], [-73.890309, 40.890567], [-73.890262, 40.890665], [-73.890234, 40.890726], [-73.890233, 40.890791], [-73.89023, 40.890865], [-73.890212, 40.890903]], [[-73.888933, 40.894014], [-73.889285, 40.894109], [-73.889294, 40.894138], [-73.889226, 40.894321], [-73.889441, 40.894411], [-73.889442, 40.894411]], [[-73.890593, 40.893373], [-73.890605, 40.893443], [-73.890684, 40.893508], [-73.890704, 40.893589], [-73.890756, 40.893642], [-73.890907, 40.893773], [-73.890966, 40.893815]], [[-73.890497, 40.892715], [-73.890498, 40.892742], [-73.890509, 40.892801], [-73.890528, 40.893], [-73.890554, 40.893151]], [[-73.891142, 40.893963], [-73.891166, 40.89395], [-73.891195, 40.893936], [-73.891344, 40.893741], [-73.891435, 40.893726], [-73.891525, 40.89371]], [[-73.891857, 40.890288], [-73.891737, 40.890287], [-73.891667, 40.890286], [-73.891567, 40.890322], [-73.891497, 40.890308], [-73.891447, 40.890299], [-73.891368, 40.89031], [-73.891292, 40.890319], [-73.891285, 40.89032]], [[-73.88996, 40.891673], [-73.889954, 40.891742], [-73.889946, 40.891856], [-73.889961, 40.891923], [-73.889987, 40.892055]], [[-73.889942, 40.892127], [-73.890139, 40.892256], [-73.890294, 40.892346], [-73.890308, 40.892351]], [[-73.89033, 40.892444], [-73.890343, 40.892503], [-73.890427, 40.892571], [-73.890497, 40.892715]], [[-73.890548, 40.893152], [-73.890575, 40.893201], [-73.89065, 40.893247], [-73.890657, 40.893352], [-73.890594, 40.893373]], [[-73.891285, 40.89032], [-73.891206, 40.890327], [-73.891031, 40.890344], [-73.890979, 40.890349]], [[-73.890308, 40.892351], [-73.890314, 40.892352], [-73.890513, 40.892393], [-73.890601, 40.892327], [-73.89061, 40.89232]], [[-73.890966, 40.893815], [-73.891076, 40.893785], [-73.891266, 40.893844]], [[-73.89061, 40.89232], [-73.890639, 40.892298], [-73.890731, 40.892282], [-73.890798, 40.89227], [-73.890869, 40.892257]], [[-73.890966, 40.893815], [-73.890983, 40.893826], [-73.891022, 40.893891], [-73.891142, 40.893963]], [[-73.890979, 40.890349], [-73.890901, 40.890357], [-73.890817, 40.890367], [-73.890784, 40.89037], [-73.890766, 40.890382]], [[-73.891033, 40.89404], [-73.891059, 40.894012], [-73.891142, 40.893963]], [[-73.889442, 40.894411], [-73.889499, 40.894433], [-73.88959, 40.894451]], [[-73.890766, 40.890382], [-73.890742, 40.890398], [-73.890683, 40.890437], [-73.890637, 40.890467]], [[-73.889995, 40.891564], [-73.889963, 40.891636], [-73.88996, 40.891673]], [[-73.890308, 40.892351], [-73.89033, 40.892444]], [[-73.891983, 40.890288], [-73.891857, 40.890288]], [[-73.888849, 40.893997], [-73.888933, 40.894014]], [[-73.893191, 40.889422], [-73.893192, 40.889426], [-73.893197, 40.889429]], [[-73.88959, 40.894451], [-73.890059, 40.894557], [-73.890587, 40.894512], [-73.891033, 40.89404]]]}}, {"type": "Feature", "properties": {"trail_name": "Alternate Old Croton Aqueduct Trail", "park_id": "X092", "park_name": "Van Cortlandt Park", "surface": "Concrete", "class": "Class IV : Highly Developed", "difficulty": "1: flat and smooth", "width_ft": "4 feet to less than 6 feet", "source": "NYC Open Data \u2014 Parks Trails (vjbm-hsyr)", "segment_count": 3}, "geometry": {"type": "MultiLineString", "coordinates": [[[-73.887669, 40.889918], [-73.887341, 40.890092], [-73.88688, 40.890451]], [[-73.886157, 40.892399], [-73.885946, 40.892803], [-73.885664, 40.893182], [-73.885335, 40.893688], [-73.885165, 40.893887], [-73.884839, 40.894121], [-73.884563, 40.894342]], [[-73.88688, 40.890451], [-73.886403, 40.890885], [-73.886259, 40.891045], [-73.886163, 40.891258], [-73.886125, 40.891447], [-73.886143, 40.891623], [-73.886222, 40.892016], [-73.886157, 40.892399]]]}}, {"type": "Feature", "properties": {"trail_name": "Alternate Old Croton Aqueduct Trail, VC Greenway", "park_id": "X092", "park_name": "Van Cortlandt Park", "surface": "Paved", "class": "Class V : Fully Developed", "difficulty": "1: flat and smooth", "width_ft": "Over 8 feet", "source": "NYC Open Data \u2014 Parks Trails (vjbm-hsyr)", "segment_count": 4}, "geometry": {"type": "MultiLineString", "coordinates": [[[-73.887721, 40.884334], [-73.887709, 40.884402], [-73.887682, 40.884481], [-73.887616, 40.884612], [-73.887565, 40.884714], [-73.8875, 40.884827], [-73.887458, 40.884935]], [[-73.887609, 40.886228], [-73.887611, 40.886242], [-73.887672, 40.886396], [-73.887769, 40.886563], [-73.887886, 40.886734], [-73.887943, 40.886837], [-73.887999, 40.886981], [-73.888055, 40.887177], [-73.888091, 40.887383], [-73.888122, 40.887592], [-73.888132, 40.887743], [-73.888124, 40.887942], [-73.88811, 40.888106], [-73.88809, 40.888239], [-73.88803, 40.888437], [-73.887954, 40.888574], [-73.887889, 40.888686], [-73.887883, 40.888706]], [[-73.887458, 40.884935], [-73.887457, 40.884938], [-73.887401, 40.885038], [-73.8874, 40.885213], [-73.887421, 40.885336], [-73.887465, 40.885546], [-73.887495, 40.885703], [-73.887518, 40.885806], [-73.887554, 40.885946], [-73.887578, 40.886061], [-73.887609, 40.886228]], [[-73.887883, 40.888706], [-73.887853, 40.888804], [-73.887845, 40.888909], [-73.887816, 40.88912], [-73.887788, 40.8893], [-73.887765, 40.889454], [-73.88773, 40.889646], [-73.887691, 40.889819], [-73.887669, 40.889918]]]}}, {"type": "Feature", "properties": {"trail_name": "Bridle Trail, Cass Gallagher Nature Trail", "park_id": "X092", "park_name": "Van Cortlandt Park", "surface": "Dirt", "class": "Class IV : Highly Developed", "difficulty": "2: flat terrain, uneven treadway, slight elevation change", "width_ft": "Over 8 feet", "source": "NYC Open Data \u2014 Parks Trails (vjbm-hsyr)", "segment_count": 2}, "geometry": {"type": "MultiLineString", "coordinates": [[[-73.893116, 40.90329], [-73.8931, 40.903371], [-73.893096, 40.90339]], [[-73.893338, 40.901601], [-73.893347, 40.90195], [-73.893351, 40.90214], [-73.893271, 40.902536], [-73.893206, 40.902852], [-73.893116, 40.90329]]]}}, {"type": "Feature", "properties": {"trail_name": "Old Croton Aqueduct Trail, Croton Connector Trail", "park_id": "X092", "park_name": "Van Cortlandt Park", "surface": "Dirt", "class": "Class IV : Highly Developed", "difficulty": "2: flat terrain, uneven treadway, slight elevation change", "width_ft": "Over 8 feet", "source": "NYC Open Data \u2014 Parks Trails (vjbm-hsyr)", "segment_count": 1}, "geometry": {"type": "MultiLineString", "coordinates": [[[-73.882331, 40.905375], [-73.882341, 40.90533]]]}}]}